Collection,Full_Label,powder_level,Host genus,Host species
JUM,V01,,Willisornis,poecilinotus
JUM,V02,,Glyphorynchus,spirurus
JUM,V03,,Willisornis,poecilinotus
JUM,V05,,Glyphorynchus,spirurus
JUM,V06,,Hylophylax,naevius
JUM,V07,,Hylophylax,naevius
JUM,V10,,Glyphorynchus,spirurus
JUM,V11,,Megastictus,margaritatus
JUM,V12,,Xenops,margaritatus
JUM,V13,,Glyphorynchus,spirurus
JUM,V14,,Megastictus,margaritatus
JUM,V15,,Myrmelastes,leucostigma
JUM,V17,,Glyphorynchus,spirurus
JUM,V19,,Corythopis,torquatus
JUM,V20,,Myrmelastes,leucostigma
JUM,V22,,Myrmelastes,leucostigma
JUM,V23,,Myrmelastes,leucostigma
JUM,V26,,Schiffornis,turdina
JUM,V29,,Megastictus,margaritatus
JUM,V30,,Glyphorynchus,spirurus
JUM,V31,,Glyphorynchus,spirurus
JUM,V32,,Pithys,albifrons
JUM,V33,,Glyphorynchus,spirurus
JUM,V34,,Myrmelastes,leucostigma
JUM,V36,,Megastictus,margaritatus
JUM,V39,,Megastictus,margaritatus
JUM,V40,,Myrmotherula,axillaris
JUM,V41,,Megastictus,margaritatus
JUM,V44,,Myrmoborus,myotherinus
JUM,V49,,Corythopis,torquatus
JUM,V50,,Loriotus,cristatus
JUM,V64,,Ceratopipra,erythrocephala
JUM,V68,,Epinecrophylla,haematonota
JUM,V81,,Megastictus,margaritatus
JUM,V82,,Pithys,albifrons
JUM,V87,,Pithys,albifrons
JUM,V90,,Manacus,manacus
JUM,V91,,Mionectes,oleagineus
JUM,V93,,Willisornis,poecilinotus
JUM,V96,,Lepidothrix,coronata
JUM,V102,,Pheugopedius,coraya
JUM,V103,,Hylophylax,naevius
JUM,V104,,Megastictus,margaritatus
JUM,V108,,Glyphorynchus,spirurus
JUM,V109,,Mionectes,oleagineus
JUM,V110,,Megastictus,margaritatus
JUM,V112,,Gymnopithys,leucaspis
JUM,V113,,Gymnopithys,leucaspis
JUM,V114,,Xiphorhynchus,elegans
JUM,V115,,Epinecrophylla,haematonota
JUM,V116,,Glyphorynchus,spirurus
JUM,V118,,Mionectes,oleagineus
JUM,V120,,Threnetes,leucurus
JUM,V122,,Mionectes,oleagineus
JUM,V123,,Schiffornis,turdina
JUM,V124,,Schiffornis,turdina
JUM,V125?,,Isleria,hauxwelli
JUM,V126,,Isleria,hauxwelli
JUM,V127,,Myrmotherula,axillaris
JUM,V129,,Dendrocincla,fuliginosa
JUM,V130,,Ceratopipra,erythrocephala
JUM,V132,,Thamnophilus,murinus
JUM,V135,,Sclerurus,caudatus
JUM,V137,,Philydor,erythrocercum
JUM,V138,,Dendrocincla,merula
JUM,V139,,Synallaxis,rutilans
JUM,V140,,Tangara,chilensis
JUM,V145,,Glyphorynchus,spirurus
JUM,V148,,Willisornis,poecilinotus
JUM,V149,,Hypocnemis,hypoxantha
JUM,V155,,Hypocnemis,hypoxantha
JUM,V156,,Hypocnemis,hypoxantha
JUM,V157,,Xenops,minutus
JUM,V158,,Pithys,albifrons
JUM,V160,,Microcerculus,marginatus
JUM,V162,,Myrmotherula,axillaris
JUM,V163,,Willisornis,poecilinotus
JUM,V167,,Epinecrophylla,haematonota
JUM,V168,,Tachyphonus,surinamus
JUM,V173,,Glyphorynchus,spirurus
JUM,V175,,Megastictus,margaritatus
JUM,V179,,Willisornis,poecilinotus
JUM,V182,,Willisornis,poecilinotus
JUM,V183,,Dendrocincla,fuliginosa
JUM,V187,,Megastictus,margaritatus
JUM,V184,,Dendrocincla,fuliginosa
JUM,V192,,Xiphorhynchus,elegans
JUM,V196,,Attila,citriniventris
JUM,V200,,Glyphorynchus,spirurus
JUM,V204,,Dendrocincla,merula
JUM,V209,,Gymnopithys,leucaspis
JUM,V210,,Willisornis,poecilinotus
JUM,V215,,Dendrocincla,fuliginosa
JUM,V216,,Onychorhynchus,coronatus
JUM,V223,,Formicarius,colma
JUM,V220,,Glyphorynchus,spirurus
JUM,V225,,Glyphorynchus,spirurus
JUM,V227,,Heterocercus,aurantiivertex
JUM,V228,,Pithys,albifrons
JUM,V223,,Formicarius,colma
JUM,V224,,Pithys,albifrons
JUM,V235,,Glyphorynchus,spirurus
JUM,V240,,Glyphorynchus,spirurus
JUM,V243,,Xiphorhynchus,elegans
JUM,V245,,Heterocercus,aurantiivertex
JUM,V253,,Sclerurus,mexicanus
JUM,V254,,Formicarius,colma
JUM,V256,,Megastictus,margaritatus
JUM,V257,,Glyphorynchus,spirurus
JUM,V259,,Xenops,minutus
JUM,V260,,Willisornis,poecilinotus
JUM,V261,,Glyphorynchus,spirurus
JUM,V268,,Megastictus,margaritatus
JUM,V269,,Willisornis,poecilinotus
JUM,V270,,Heterocercus,aurantiivertex
JUM,V274,,Willisornis,poecilinotus
JUM,V282,,Ceratopipra,erythrocephala
JUM,V283,,Geotrygon,montana
JUM,V285,,Dendrocincla,fuliginosa
JUM,V289,,Gymnopithys,leucaspis
JUM,V293,,Hypocnemis,hypoxantha
JUM,V294,,Momotus,momota
JUM,V296,,Glyphorynchus,spirurus
JUM,V297,,Glyphorynchus,spirurus
JUM,V298,,Automolus,ochrolaemus
JUM,V299,,Xiphorhynchus,elegans
JUM,V300,,Gymnopithys,leucaspis
JUM,V301,,Glyphorynchus,spirurus
JUM,V304,,Celeus,elegans
JUM,V311,,Automolus,ochrolaemus
JUM,V314,,Formicarius,colma
JUM,V315,,Xiphorhynchus,elegans
JUM,V319,,Notarchus,ordii
JUM,V327,,Gymnopithys,leucaspis
JUM,V328,,Veniliornis,affinis
JUM,V383,,Glyphorynchus,spirurus
JUM,V384,,Celeus,elegans
JUM,V385,,Formicarius,colma
JUM,V386,,Willisornis,poecilinotus
JUM,V387,,Willisornis,poecilinotus
JUM,V393,,Megastictus,margaritatus
JUM,V395,,Megastictus,margaritatus
JUM,V396,,Megastictus,margaritatus
JUM,V398,,Megastictus,margaritatus
JUM,V399,,Willisornis,poecilinotus
JUM,V400,,Myrmoborus,myotherinus
JUM,V401,,Willisornis,poecilinotus
JUM,V403,,Cyanoloxia,cyanoides
JUM,V404,,Willisornis,poecilinotus
JUM,V405,,Megastictus,margaritatus
JUM,V406,,Megastictus,margaritatus
JUM,V408,,Myrmoborus,myotherinus
JUM,V409,,Megastictus,margaritatus
JUM,V410,,Glyphorynchus,spirurus
JUM,V411,,Lepidothrix,coronata
JUM,V412,,Lepidothrix,coronata
JUM,V413,,Glyphorynchus,spirurus
JUM,V414,,Phlegopsis,erythroptera
JUM,V415,,Phlegopsis,erythroptera
JUM,V416,,Phlegopsis,erythroptera
JUM,V419,,Megastictus,margaritatus
JUM,V422,,Hypocnemis,hypoxantha
JUM,V433,,Lepidothrix,coronata
JUM,V437,,Xenops,minutus
JUM,V443,,Pithys,albifrons
JUM,V446,,Automolus,subulatus
JUM,V448,,Pithys,albifrons
JUM,V449,,Pithys,albifrons
JUM,V451,,Ramphotrigon,ruficauda
JUM,V452,,Lepidothrix,coronata
JUM,V453,,Lepidothrix,coronata
JUM,V458,,Dendrocincla,fuliginosa
JUM,V459,,Lepidothrix,coronata
JUM,V460,,Momotus,momota
JUM,V464,,Synallaxis,rutilans
JUM,V465,,Synallaxis,rutilans
JUM,V466,,Terenotriccus,erythrurus
JUM,V467,,Glyphorynchus,spirurus
JUM,V468,,Pithys,albifrons
JUM,V476,,Euphonia,xanthogaster
JUM,V477,,Sclerurus,mexicanus
JUM,V478,,Malacoptila,fusca
JUM,V482,,Glyphorynchus,spirurus
JUM,V483,,Euphonia,xanthogaster
JUM,V486,,Euphonia,xanthogaster
JUM,M487,,Willisornis,poecilinotus
JUM,M489,,Thamnophilus,murinus
JUM,M491,,Pithys,albifrons
JUM,M492,,Pithys,albifrons
JUM,M493,,Glyphorynchus,spirurus
JUM,M494,,Pseudopipra,pipra
JUM,M495,,Willisornis,poecilinotus
JUM,M496,,Thamnophilus,murinus
JUM,M497,,Glyphorynchus,spirurus
JUM,M498,,Xenops,minutus
JUM,M499,,Glyphorynchus,spirurus
JUM,M500,,Turdus,albicollis
JUM,M501,,Turdus,albicollis
JUM,M502,,Xiphorhynchus,elegans
JUM,M504,,Xiphorhynchus,elegans
JUM,M505,,Ceratopipra,erythrocephala
JUM,M506,,Glyphorynchus,spirurus
JUM,M507,,Willisornis,poecilinotus
JUM,M512,,Glyphorynchus,spirurus
JUM,M513,,Glyphorynchus,spirurus
JUM,M515,,Glyphorynchus,spirurus
JUM,M516,,Glyphorynchus,spirurus
JUM,M517,,Glyphorynchus,spirurus
JUM,M519,,Glyphorynchus,spirurus
JUM,M520,,Ceratopipra,erythrocephala
JUM,M527,,Ceratopipra,erythrocephala
JUM,M533,,Xiphorhynchus,elegans
JUM,M535,,Myrmoborus,myotherinus
JUM,M536,,Geotrygon,montana
JUM,M537,,Gymnopithys,leucaspis
JUM,M539,,Gymnopithys,leucaspis
JUM,M540,,Microcerculus,marginatus
JUM,M541,,Malacoptila,fusca
JUM,M542,,Malacoptila,fusca
JUM,M543,,Microcerculus,marginatus
JUM,M547,,Thamnophilus,murinus
JUM,M549,,Glyphorynchus,spirurus
JUM,M551,,Frederickena,unduligera
JUM,M552,,Sclerurus,rufigularis
JUM,M556,,Geotrygon,montana
JUM,M560,,Terenotriccus,erythrurus
JUM,M561,,Xenops,minutus
JUM,M564,,Gymnopithys,leucaspis
JUM,M565,,Myrmoborus,myotherinus
JUM,M568,,Phlegopsis,erythroptera
JUM,M569,,Dendrocincla,merula
JUM,M571,,Myrmoborus,myotherinus
JUM,M574,,Geotrygon,montana
JUM,M575,,Xiphorhynchus,elegans
JUM,M578,,Megastictus,margaritatus
JUM,M579,,Conopophaga,peruviana
JUM,M580,,Gymnopithys,leucaspis
JUM,M581,,Turdus,albicollis
JUM,M582,,Willisornis,poecilinotus
JUM,M583,,Dendrocincla,merula
JUM,M584,,Dendrocincla,merula
JUM,M588,,Willisornis,poecilinotus
JUM,M589,,Gymnopithys,leucaspis
JUM,M590,,Pithys,albifrons
JUM,M591,,Schiffornis,turdina
JUM,M593,,Pithys,albifrons
JUM,M594,,Dendrocincla,merula
JUM,M598,,Dendrocincla,fuliginosa
JUM,M599,,Gymnopithys,leucaspis
JUM,M600,,Willisornis,poecilinotus
JUM,M601,,Schiffornis,turdina
JUM,M603,,Pseudopipra,pipra
JUM,M604,,Gymnopithys,leucaspis
JUM,M605,,Pithys,albifrons
JUM,M606,,Pithys,albifrons
JUM,M607,,Gymnopithys,leucaspis
JUM,M608,,Percnostola,fortis
JUM,M612,,Percnostola,fortis
JUM,M613,,Dendrocincla,merula
JUM,M614,,Percnostola,fortis
JUM,M618,,Geotrygon,montana
JUM,M619,,Dendrocincla,merula
JUM,M620,,Pithys,albifrons
JUM,M625,,Mionectes,oleagineus
JUM,M626,,Myrmoborus,myotherinus
JUM,M628,,Pseudopipra,pipra
JUM,M610,,Gymnopithys,leucaspis
JUM,M634,,Thamnomanes,caesius
JUM,M635,,Oneillornis,lunulatus
JUM,M646,,Mionectes,oleagineus
JUM,M650,,Ceratopipra,erythrocephala
JUM,M651,,Glyphorynchus,spirurus
JUM,M654,,Gymnopithys,leucaspis
JUM,V657,,Glyphorynchus,spirurus
JUM,V658,,Glyphorynchus,spirurus
JUM,V660,,Gymnopithys,leucaspis
JUM,V661,,Gymnopithys,leucaspis
JUM,V662,,Willisornis,poecilinotus
JUM,V663,,Willisornis,poecilinotus
JUM,V664,,Pithys,albifrons
JUM,V665,,Corythopis,torquatus
JUM,V667,,Pithys,albifrons
JUM,V668,,Pithys,albifrons
JUM,V669,,Pithys,albifrons
JUM,V671,,Pithys,albifrons
JUM,V672,,Pithys,albifrons
JUM,V673,,Pithys,albifrons
JUM,V675,,Glyphorynchus,spirurus
JUM,V677,,Glyphorynchus,spirurus
JUM,V678,,Microcerculus,marginatus
JUM,V679,,Automolus,ochrolaemus
JUM,V680,,Xiphorhynchus,elegans
JUM,V682,,Celeus,grammicus
JUM,V685,,Gymnopithys,leucaspis
JUM,V687,,Dendrocolaptes,certhia
JUM,V688,,Geotrygon,montana
JUM,V690,,Pithys,albifrons
JUM,V691,,Glyphorynchus,spirurus
JUM,V692,,Onychorhynchus,coronatus
JUM,V694,,Xiphorhynchus,elegans
JUM,V695,,Ancistrops,strigilatus
JUM,V699,,Glyphorynchus,spirurus
JUM,V700,,Xenops,minutus
JUM,V701,,Megastictus,margaritatus
JUM,V702,,Lepidothrix,coronata
JUM,V703,,Sclerurus,mexicanus
JUM,V711,,Platyrinchus,saturatus
JUM,V712,,Gymnopithys,leucaspis
JUM,V717,,Sclerurus,mexicanus
JUM,V720,,Glyphorynchus,spirurus
JUM,V721,,Ceratopipra,erythrocephala
JUM,V723,,Glyphorynchus,spirurus
JUM,V724,,Terenotriccus,erythrurus
JUM,V725,,Pithys,albifrons
JUM,857,,Formicarius,colma
JUM,V1297,,Formicarius,colma
JUM,M1743,,Formicarius,colma
JUM,3678,,Formicarius,colma
JUM,3785,,Formicarius,colma
JUM,4438,,Formicarius,colma
JUM,4514,,Formicarius,colma
JUM,946,,Terenotriccus,erythrurus
JUM,968,,Terenotriccus,erythrurus
JUM,980,,Terenotriccus,erythrurus
JUM,1064,,Automolus,subulatus
JUM,2133,,Terenotriccus,erythrurus
JUM,1073,,Terenotriccus,erythrurus
JUM,3808,,Mionectes,oleagineus
JUM,2028,,Terenotriccus,erythrurus
JUM,2103,,Mionectes,oleagineus
JUM,3576,,Terenotriccus,erythrurus
JUM,3609,,Terenotriccus,erythrurus
JUM,4003,,Terenotriccus,erythrurus
JUM,4182,,Terenotriccus,erythrurus
JUM,3810,,Terenotriccus,erythrurus
JUM,4281,,Terenotriccus,erythrurus
JUM,3836,,Dendrocincla,fuliginosa
JUM,1009,,Willisornis,poecilinotus
JUM,1022,,Willisornis,poecilinotus
JUM,3837,,Dendrocincla,fuliginosa
JUM,V728,,Glyphorynchus,spirurus
JUM,V783,,Glyphorynchus,spirurus
JUM,V729,,Deconychura,longicauda
JUM,V730,,Glyphorynchus,spirurus
JUM,V733,,Lepidothrix,coronata
JUM,V735,,Glyphorynchus,spirurus
JUM,V737,,Gymnopithys,leucaspis
JUM,V738,,Megastictus,margaritatus
JUM,V739,,Megastictus,margaritatus
JUM,V744,,Megastictus,margaritatus
JUM,V743,,Glyphorynchus,spirurus
JUM,V756,,Terenotriccus,erythrurus
JUM,V742,,Glyphorynchus,spirurus
JUM,V746,,Megastictus,margaritatus
JUM,V747,,Glyphorynchus,spirurus
JUM,V748,,Glyphorynchus,spirurus
JUM,V740,,Megastictus,margaritatus
JUM,V757,,Ceratopipra,erythrocephala
JUM,V787,,Cyanoloxia,cyanoides
JUM,V750,,Glyphorynchus,spirurus
JUM,V759,,Glyphorynchus,spirurus
JUM,4021,,Dendrocincla,fuliginosa
JUM,4037,,Dendrocincla,fuliginosa
JUM,V762,,Myrmoborus,myotherinus
JUM,V763,,Percnostola,fortis
JUM,V764,,Myrmelastes,leucostigma
JUM,V765,,Nonnula,brunnea
JUM,V766,,Synallaxis,rutilans
JUM,V767,,Sclerurus,mexicanus
JUM,1023,,Willisornis,poecilinotus
JUM,4103,,Dendrocincla,fuliginosa
JUM,1025,,Willisornis,poecilinotus
JUM,V768,,Myrmoborus,myotherinus
JUM,V771,,Myrmelastes,leucostigma
JUM,V778,,Lepidothrix,coronata
JUM,1028,,Willisornis,poecilinotus
JUM,V785,,Lepidothrix,coronata
JUM,V769,,Glyphorynchus,spirurus
JUM,V770,,Myrmoborus,myotherinus
JUM,V772,,Percnostola,fortis
JUM,V773,,Glyphorynchus,spirurus
JUM,V774,,Myrmoborus,myotherinus
JUM,779,,Lepidothrix,coronata
JUM,781,,Manacus,manacus
JUM,782,,Geotrygon,montana
JUM,784,,Lepidothrix,coronata
JUM,789,,Euphonia,xanthogaster
JUM,791,,Microcerculus,marginatus
JUM,795,,Synallaxis,rutilans
JUM,798,,Momotus,momota
JUM,799,,Willisornis,poecilinotus
JUM,803,,Pheugopedius,coraya
JUM,804,,Manacus,manacus
JUM,805,,Malacoptila,fusca
JUM,806,,Geotrygon,montana
JUM,808,,Manacus,manacus
JUM,809,,Manacus,manacus
JUM,812,,Pithys,albifrons
JUM,813,,Willisornis,poecilinotus
JUM,814,,Pithys,albifrons
JUM,815,,Glyphorynchus,spirurus
JUM,816,,Gymnopithys,leucaspis
JUM,818,,Glyphorynchus,spirurus
JUM,820,,Xiphorhynchus,elegans
JUM,821,,Gymnopithys,leucaspis
JUM,822,,Hylophilus,ochraceiceps
JUM,823,,Gymnopithys,leucaspis
JUM,831,,Manacus,manacus
JUM,824,,Lepidothrix,coronata
JUM,826,,Myrmoborus,myotherinus
JUM,828,,Nonnula,brunnea
JUM,835,,Myrmelastes,leucostigma
JUM,837,,Microcerculus,marginatus
JUM,853,,Nonnula,brunnea
JUM,845,,Capito,auratus
JUM,866,,Manacus,manacus
JUM,847,,Gymnopithys,leucaspis
JUM,848,,Gymnopithys,leucaspis
JUM,839,,Cnipodectes,subbrunneus
JUM,850,,Gymnopithys,leucaspis
JUM,851,,Percnostola,fortis
JUM,860,,Megastictus,margaritatus
JUM,867,,Manacus,manacus
JUM,869,,Gymnopithys,spirurus
JUM,870,,Lepidothrix,coronata
JUM,862,,Lepidothrix,coronata
JUM,875,,Lepidothrix,coronata
JUM,876,,Lepidothrix,coronata
JUM,877,,Glyphorynchus,spirurus
JUM,881,,Glyphorynchus,spirurus
JUM,882,,Glyphorynchus,spirurus
JUM,884,,Lepidothrix,coronata
JUM,885,,Glyphorynchus,spirurus
JUM,886,,Lepidothrix,coronata
JUM,887,,Glyphorynchus,spirurus
JUM,888,,Manacus,manacus
JUM,889,,Manacus,manacus
JUM,893,,Onychorhynchus,coronatus
JUM,892,,Glyphorynchus,spirurus
JUM,890,,Manacus,manacus
JUM,897,,Manacus,manacus
JUM,891,,Lepidothrix,coronata
JUM,898,,Manacus,manacus
JUM,899,,Lepidothrix,coronata
JUM,1002,,Cercomacroides,serva
JUM,1003,,Gymnopithys,leucaspis
JUM,1005,,Myrmoborus,myotherinus
JUM,1006,,Glyphorynchus,spirurus
JUM,1007,,Percnostola,fortis
JUM,1008,,Myrmoborus,myotherinus
JUM,1010,,Lepidothrix,coronata
JUM,1018,,Glyphorynchus,spirurus
JUM,1019,,Glyphorynchus,spirurus
JUM,1017,,Lepidothrix,coronata
JUM,1011,,Chloroceryle,aenea
JUM,1012,,Ceratopipra,erythrocephala
JUM,1013,,Glyphorynchus,spirurus
JUM,1014,,Myrmoborus,myotherinus
JEJ,P120622,,Formicarius,analis
JEJ,P116125,low,Formicarius,analis
JEJ,P120778,very low,Formicarius,analis
JEJ,P120896,low,Formicarius,analis
JEJ,P121420,very low,Formicarius,analis
JEJ,P121421,low,Formicarius,analis
JEJ,P120085,very low,Formicarius,rufipectus
JEJ,W120733,med,Chamaeza,mollissima
JEJ,VC120112,low,Formicarius,analis
JUM,1015,med,Chloroceryle,aenea
JUM,1024,low,Thamnomanes,ardesiacus
JUM,1021,low,Gymnopithys,leucaspis
JEJ,P110029,low,Isleria,hauxwelli
JEJ,P110033,low,Thamnomanes,ardesiacus
JEJ,P110039,low,Thamnomanes,ardesiacus
JEJ,P110040,low,Myrmotherula,axillaris
JEJ,P110073,med,Thamnomanes,ardesiacus
JEJ,P110076,low,Thamnomanes,ardesiacus
JEJ,P110082,low,Myrmotherula,axillaris
JEJ,P110085,very low,Isleria,hauxwelli
JEJ,P110086,very low,Isleria,hauxwelli
JEJ,P110125,very low,Hylophilus,ochraceiceps
JEJ,P110128,low,Thamnomanes,schistogynus
JEJ,P110140,low,Corythopis,torquatus
JEJ,P110149,low,Myrmotherula,axillaris
JEJ,P110154,low,Corythopis,torquatus
JEJ,P110159,low,Willisornis,poecilinotus
JEJ,P110171,low,Sclerurus,caudacutus
JEJ,P110172,low,Isleria,hauxwelli
JEJ,P110233,very low,Microcerculus,marginatus
JEJ,P110215,low,Isleria,hauxwelli
JEJ,P110216,med,Corythopis,torquatus
JEJ,P110238,low,Willisornis,poecilinotus
JEJ,P110290,low,Willisornis,poecilinotus
JUM,1020,med,Glyphorynchus,spirurus
JUM,1032,med,Phlegopsis,erythroptera
JUM,1021,low,Gymnopithys,leucaspis
JEJ,P110297,low,Thamnomanes,ardesiacus
JEJ,P110337,low,Myrmotherula,axillaris
JUM,1036,med,Automolus,subulatus
JEJ,P110342,low,Sclerurus,caudacutus
JUM,1038,low,Glyphorynchus,spirurus
JUM,1037,med,Myrmoborus,myotherinus
JUM,1035,high,Gymnopithys,leucaspis
JEJ,P110380,low,Isleria,hauxwelli
JEJ,P110387,low,Myrmotherula,axillaris
JUM,1029,med,Phlegopsis,erythroptera
JUM,1045,low,Thamnophilus,schistaceus
JEJ,P110390,low,Microcerculus,marginatus
JUM,1047,low,Thamnophilus,murinus
JUM,1048,low,Automolus,subulatus
JEJ,P110391,low,Myrmotherula,axillaris
JUM,1049,med,Dendrocincla,merula
JUM,1066,med,Glyphorynchus,spirurus
JUM,1053,med,Glyphorynchus,spirurus
JUM,V1082,med,Willisornis,poecilinotus
JEJ,P115901,low,Sclerurus,caudacutus
JUM,1051,low,Pithys,albifrons
JUM,1052,low,Microcerculus,marginatus
JUM,1067,low,Myrmoborus,myotherinus
JUM,V1097,med,Synallaxis,rutilans
JUM,V1099,med,Glyphorynchus,spirurus
JUM,1062,low,Glyphorynchus,spirurus
JUM,1093,very low,Glyphorynchus,spirurus
JUM,1084,very low,Myrmotherula,axillaris
JUM,1056,med,Cnipodectes,subbrunneus
JUM,1071,low,Sporophila,angolensis
JUM,1059,med,Cercomacroides,serva
JUM,V1100?,low,Glyphorynchus,spirurus
JUM,V1077,low,Xiphorhynchus,elegans
JUM,V1080,low,Glyphorynchus,spirurus
JUM,1060,2 tubes -med/low,Sclerurus,mexicanus
JEJ,P115908,low,Myrmotherula,axillaris
JEJ,P115909,med,Myrmotherula,axillaris
JEJ,P115953,low,Myrmotherula,axillaris
JEJ,P115954,med,Myrmotherula,axillaris
JEJ,P115962,med,Willisornis,poecilinotus
JEJ,P115972,low,Willisornis,poecilinotus
JEJ,P115976,low,Lanio,versicolor
JEJ,P115979,med,Thamnomanes,schistogynus
JUM,1022,very low,Willisornis,poecilinotus
JUM,V1102,high,Selenidera,reinwardtii
JUM,V1162,med,Glyphorynchus,spirurus
JUM,V1256,high,Mionectes,oleagineus
JUM,V1138,high,Geotrygon,montana
JUM,V1116,med,Dendrocincla,fuliginosa
JUM,V1159,med,Dendrocincla,merula
JUM,V1136,med,Pseudopipra,pipra
JUM,V1186,low,Glyphorynchus,spirurus
JUM,V1187,med,Xiphorhynchus,elegans
JUM,V1132,very low,Phaetornis,superciliosus
JEJ,P116000,low,Thamnomanes,schistogynus
JEJ,P116031,low,Isleria,hauxwelli
JEJ,P116087,low,Willisornis,poecilinotus
JUM,V1198,low,Sclerurus,caudacutus
JUM,V1189,med,Glyphorynchus,spirurus
JUM,V1149,med,Glyphorynchus,spirurus
JUM,V1173,med,Glyphorynchus,spirurus
JUM,V1200,med,Willisornis,poecilinotus
JUM,V1206,low,Glyphorynchus,spirurus
JUM,934,med,Nonnula,brunnea
JUM,935,med,Nonnula,brunnea
JUM,937,med,Galbula,albirostris
JUM,938,med,Galbula,albirostris
JUM,939,med,Galbula,albirostris
JUM,1489,med,Nonnula,brunnea
JUM,1497,low,Nonnula,brunnea
JUM,M1694,high,Malacoptila,fusca
JUM,V1811,med,Galbula,albirostris
JUM,2108,med,Nonnula,brunnea
JUM,2114,med,Galbula,albirostris
JUM,1582,med,Micromonacha,lanceolata
JUM,3612,med,Nonnula,brunnea
JUM,4018,low,Malacoptila,fusca
JUM,4032,med,Malacoptila,fusca
JEJ,P110167,low,Monasa,morphoeus
JEJ,P116337,med,Monasa,morphoeus
JEJ,P116338,low,Monasa,morphoeus
JEJ,P116435,med,Lepidothrix,coronata
JEJ,P120740,very low,Malacoptila,semicincta
JEJ,P120863,very low,Ceratopipra ,chloromeros
JEJ,P120872,low,Monasa,nigrifrons
JEJ,P121117,low,Monasa,nigrifrons
JEJ,P121372,low,Malacoptila,semicincta
JEJ,SP120642,low,Rupicola,peruvianus
JEJ,SP120665,low,Rupicola,peruvianus
JEJ,SP120678,low,Rupicola,peruvianus
JEJ,SP120797,low,Rupicola,peruvianus
JEJ,SP120813,low,Malacoptila,fulvogularis
JEJ,SP120819,low,Rupicola,peruvianus
JEJ,SP120821,low,Micromonacha,lanceolata
JEJ,SP120878,low,Galbula,cynescens
JEJ,SP120917,low,Malacoptila,fulvogularis
JEJ,P121006,low,Rupicola,peruvianus
JEJ,SP121176,low,Malacoptila,fulvogularis
JEJ,SP121189,low,Malacoptila,fulvogularis
JEJ,SP121234,med,Rupicola,peruvianus
JEJ,SP121235,low,Malacoptila,fulvogularis
JEJ,SP121276,low,Malacoptila,fulvogularis
JEJ,SP121319,low,Rupicola,peruvianus
JEJ,W120250,med,Pipreola,intermedia
JEJ,W120299,very low,Pipreola,intermedia
JEJ,W120481,med,Pipreola,intermedia
JEJ,W120617,med,Pipreola,intermedia
JEJ,W120650,high,Pipreola,arcuata
JEJ,W120662,high,Pipreola,intermedia
JEJ,W120683,high,Pipreola,arcuata
JEJ,W120693,high,Pipreola,intermedia
JEJ,W120701,high,Pipreola,intermedia
JEJ,W120717,med,Pipreola,arcuata
JEJ,W120722,med,Pipreola,arcuata
JEJ,W120737,med,Pipreola,arcuata
JEJ,W120816,med,Pipreola,intermedia
JEJ,W121017,low,Pipreola,intermedia
JEJ,W121018,med,Pipreola,intermedia
JEJ,W121045,med,Pipreola,intermedia
JEJ,W121150,low,Pipreola,intermedia
JEJ,SP13356,med,Malacoptila,fulvogularis
JEJ,P130043,very low,Malacoptila,semicincta
JEJ,P130063,very low,Malacoptila,semicincta
JEJ,P130357,low,Malacoptila,semicincta
JEJ,P130765,very low,Galbula,cyanescens
JEJ,W130133,very low,Pipreola,intermedia
JEJ,W130376,very low,Pipreola,intermedia
JEJ,W130408,med,Pipreola,arcuata
JEJ,W130514,low,Pipreola,arcuata
JEJ,W130657,low,Pipreola,intermedia
JEJ,W130693,low,Pipreola,intermedia
JEJ,W130860,med,Pipreola,intermedia
JEJ,W130861,med,Pipreola,intermedia
JEJ,W130862,med,Pipreola,intermedia
JEJ,W130473,med,Pipreola,arcuata
JEJ,P116038,med,Thamnomanes,schistogynus
JEJ,P116078,med,Myrmotherula,axillaris
JEJ,P116080,high,Isleria,hauxwelli
JEJ,P116119,med,Willisornis,poecilinotus
JEJ,P116147,low,Willisornis,poecilinotus
JEJ,P116154,med,Thamnomanes,ardesiacus
JEJ,P116163,low,Thamnomanes,ardesiacus
JEJ,P116166,low,Schiffornis,turdina
JEJ,P116172,low,Lanio,versicolor
JEJ,P116185,low,Schiffornis,turdina
JEJ,P116187,low,Schiffornis,turdina
JEJ,P116200,low,Willisornis,poecilinotus
JEJ,P116202,low,Chlorothraupis,turdina
JEJ,P116204,low,Chlorothraupis,carmioli
JEJ,P116210,low,Chlorothraupis,carmioli
JEJ,P116211,high,Chlorothraupis,carmioli
JEJ,P116213,med,Chlorothraupis,carmioli
JEJ,P116228,low,Myiobius,barbatus
JEJ,P116231,low,Glyphorynchus,spirurus
JEJ,P116232,low,Lanio,versicolor
JEJ,P116246,low,Thamnomanes,ardesiacus
JEJ,P116247,low,Willisornis,poecilinotus
JEJ,P116259,low,Myrmotherula,axillaris
JEJ,P116260,low,Corythopis,torquatus
JEJ,P116262,low,Schiffornis,turdina
JEJ,P116271,low,Willisornis,poecilinotus
JEJ,P116278,low,Willisornis,poecilinotus
JEJ,P116291,med,Willisornis,poecilinotus
JEJ,P116292,med,Schiffornis,turdina
JEJ,P116295,low,Schiffornis,turdina
JEJ,P116299,low,Schiffornis,turdina
JEJ,P116302,low,Schiffornis,turdina
JEJ,P116324,low,Platyrinchus,platyrhynchos
JEJ,P116360,med,Thamnomanes,schistogynus
JEJ,P116369,low,Hylophilus,ochraceiceps
JEJ,P116378,low,Thamnomanes,schistogynus
JEJ,P116380,low,Hylophilus,ochraceiceps
JEJ,P116411,med,Corythopis,torquatus
JEJ,P116420,low,Glyphorynchus,spirurus
JEJ,P116425,low,Hylophylax,naevius
JEJ,P116453,low,Microcerculus,marginatus
JEJ,P116467,low,Thamnomanes,schistogynus
JEJ,SP110008,med,Chlorospingus,flavigularis
JEJ,SP110013,low,Chlorospingus,flavigularis
JEJ,SP110022,med,Tangara,arthus
JEJ,SP110023,med,Tangara,arthus
JEJ,SP110040,low,Chlorospingus,flavigularis
JEJ,SP110044,low,Leptopogon,superciliaris
JEJ,SP110059,low,Premnoplex,brunnescens
JEJ,SP110066,low,Chlorospingus,flavigularis
JEJ,SP110070,low,Chlorospingus,flavigularis
JEJ,SP110073,low,Premnoplex,brunnescens
JEJ,SP110074,low,Premnoplex,brunnescens
JEJ,SP110080,low,Rhynchocyclus,fulvipectus
JEJ,SP110084,low,Myioborus,miniatus
JEJ,SP110086,med,Myioborus,miniatus
JEJ,SP110087,low,Myioborus,miniatus
JEJ,SP110095,low,Rhynchocyclus,fulvipectus
JEJ,SP110113,med,Basileuterus,tristriatus
JEJ,SP110108,low,Chlorospingus,opthalmicus
JEJ,SP110154,low,Rhynchocyclus,fulvipectus
JEJ,SP110186,low,Basileuterus,tristriatus
JEJ,SP110098,low,Eutoxeres,condamini
JEJ,SP110188,med,Anabacerthia,striaticollis
JEJ,SP110259,low,Hylophylax,naevius
JEJ,SP110101,low,Chlorospingus,flavigularis
JEJ,SP110340,low,Leptopogon,superciliaris
JEJ,SP110120,med,Chlorospingus,flavigularis
JEJ,SP110130,low,Premnoplex,brunnescens
JEJ,SP110140,low,Premnoplex,brunnescens
JEJ,SP110144,low,Basileuterus,tristriatus
JEJ,P120675,low,Willisornis,poecilinotus
JEJ,P120781,low,Sclerurus,caudacutus
JEJ,P120742,low,Corythopis,torquatus
JEJ,P120770,low,Microcerculus,marginatus
JEJ,P120773,low,Hylophylax,naevius
JEJ,P120684,low,Hylophilus,ochraceiceps
JEJ,P120687,low,Willisornis,poecilinotus
JEJ,P120714,low,Myrmotherula,axillaris
JEJ,P120739,low,Corythopis,torquatus
JEJ,P120788,low,Thamnomanes,ardesiacus
JEJ,P120791,low,Isleria,hauxwelli
JEJ,P120805,low,Corythopis,torquatus
JEJ,P120806,low,Mionectes,olivaceus
JEJ,P120807,low,Isleria,hauxwelli
JEJ,P120818,low,Leptopogon,amaurocephalus
JEJ,P120883,low,Platyrinchus,platyrhynchos
JEJ,P120889,low,Platyrinchus,platyrhynchos
JEJ,P120916,low,Thamnomanes,schistogynus
JEJ,P120921,low,Thamnomanes,schistogynus
JEJ,P120923,low,Thamnomanes,schistogynus
JEJ,P120924,low,Thamnomanes,schistogynus
JEJ,P120933,low,Myrmotherula,axillaris
JEJ,P120956,low,Isleria,hauxwelli
JEJ,P120975,low,Lanio,versicolor
JEJ,P121004,low,Hylophylax,naevius
JEJ,P121007,med,Isleria,hauxwelli
JEJ,P121019,med,Hylophilus,ochraceiceps
JEJ,P121020,med,Hylophilus,ochraceiceps
JEJ,P121052,low,Corythopis,torquatus
JEJ,P121238,low,Glyphorynchus,spirurus
JEJ,P121245,low,Glyphorynchus,spirurus
JEJ,P121250,low,Willisornis,poecilinotus
JEJ,P121252,low,Willisornis,poecilinotus
JEJ,P121255,low,Willisornis,poecilinotus
JEJ,P121258,low,Platyrinchus,platyrhynchos
JEJ,P121259,low,Platyrinchus,platyrhynchos
JEJ,P121262,low,Myrmotherula,axillaris
JEJ,P121271,low,Glyphorynchus,spirurus
JEJ,P121352,low,Thamnomanes,ardesiacus
JEJ,P121357,low,Isleria,hauxwelli
JEJ,P121359,low,Glyphorynchus,spirurus
JEJ,P121446,low,Myiobius,barbatus
JEJ,P121773,low,Myrmotherula,axillaris
JEJ,P121448,low,Willisornis,poecilinotus
JEJ,P121774,low,Myrmotherula,axillaris
JEJ,P121457,low,Sclerurus,caudacutus
JEJ,P121796,low,Isleria,hauxwelli
JEJ,P121797,low,Willisornis,poecilinotus
JEJ,P121499,low,Willisornis,poecilinotus
JEJ,P121800,low,Isleria,hauxwelli
JEJ,P121503,low,Isleria,hauxwelli
JEJ,P121801,low,Isleria,hauxwelli
JEJ,P121505,low,Willisornis,poecilinotus
JEJ,P121511,low,Myiobius,barbatus
JEJ,P121367,low,Sclerurus,caudacutus
JEJ,P121374,low,Microcerculus,marginatus
JEJ,P121400,low,Myrmotherula,axillaris
JEJ,P121409,low,Myiobius,barbatus
JEJ,P121741,low,Isleria,hauxwelli
JEJ,P121757,low,Isleria,hauxwelli
JEJ,P121764,low,Thamnomanes,schistogynus
JEJ,SP121081,low,Tangara,arthus
JEJ,SP121058,low,Pogonotriccus,opthalmicus
JEJ,SP121047,low,Pogonotriccus,opthalmicus
JEJ,SP120911,low,Basileuterus,tristriatus
JEJ,SP120931,low,Basileuterus,tristriatus
JEJ,SP120934,low,Chlorospingus,flavigularis
JEJ,SP120016,low,Premnoplex,brunnescens
JEJ,SP120036,low,Chlorospingus,flavigularis
JEJ,SP120040,low,Chlorospingus,flavigularis
JEJ,SP120068,low,Pogonotriccus,opthalmicus
JEJ,SP120069,low,Anabacerthia,striaticollis
JEJ,SP120072,low,Tangara,arthus
JEJ,SP120074,low,Pogonotriccus,opthalmicus
JEJ,SP120076,low,Basileuterus,tristriatus
JEJ,SP120093,low,Leptopogon,superciliaris
JEJ,SP120101,low,Premnoplex,brunnescens
JEJ,SP120115,low,Rhynchocyclus,fulvipectus
JEJ,SP120630,low,Microcerculus,marginatus
JEJ,SP120636,low,Premnoplex,brunnescens
JEJ,SP120638,low,Premnoplex,brunnescens
JEJ,SP120658,low,Premnoplex,brunnescens
JEJ,SP120662,low,Leptopogon,superciliaris
JEJ,SP120666,low,Tangara,arthus
JEJ,SP120669,low,Premnoplex,brunnescens
JEJ,SP120674,low,Premnoplex,brunnescens
JEJ,SP120767,low,Leptopogon,superciliaris
JEJ,SP120769,low,Premnoplex,brunnescens
JEJ,SP120787,low,Tangara,arthus
JEJ,SP120792,low,Chlorospingus,flavigularis
JEJ,SP120804,low,Premnoplex,brunnescens
JEJ,SP120857,low,Premnoplex,brunnescens
JEJ,SP120861,low,Anabacerthia,striaticollis
JEJ,SP120880,low,Chlorospingus,flavigularis
JEJ,SP120885,low,Chlorospingus,flavigularis
JEJ,SP120889,low,Leptopogon,superciliaris
JEJ,SP120890,low,Premnoplex,brunnescens
JEJ,SP120938,low,Chlorospingus,flavigularis
JEJ,SP120993,low,Chlorospingus,flavigularis
JEJ,SP120998,low,Premnoplex,brunnescens
JEJ,SP121004,low,Premnoplex,brunnescens
JEJ,SP121023,low,Premnoplex,brunnescens
JEJ,SP121029,low,Rhyncgocyclus,fulvipectus
JEJ,SP121038,low,Leptopogon,superciliaris
JEJ,SP121091,low,Leptopogon,superciliaris
JEJ,SP121104,low,Tangara,arthus
JEJ,SP121138,low,Tangara,arthus
JEJ,SP121141,low,Microcerculus,marginatus
JEJ,SP121151,low,Anabacerthia,striaticollis
JUM,V1224,med,Glyphorynchus,spirurus
JUM,V1225,med,Glyphorynchus,spirurus
JEJ,SP121212,low,Basileuterus,tristriatus
JEJ,SP121244,low,Microcerculus,marginatus
JEJ,SP121267,low,Premnoplex,brunnescens
JEJ,SP121269,low,Premnoplex,brunnescens
JEJ,SP121270,low,Premnoplex,brunnescens
JEJ,SP121282,low,Premnoplex,brunnescens
JEJ,SP121308,low,Tangara,arthus
JEJ,SP121322,low,Pogonotriccus,opthalmicus
JEJ,SP121333,low,Pogonotriccus,opthalmicus
JEJ,SP121337,low,Chlorospingus,flavigularis
JEJ,SP121360,low,Myioborus,miniatus
JEJ,SP121362,low,Myioborus,miniatus
JEJ,SP121407,low,Premnoplex,brunnescens
JEJ,SP121412,low,Chlorochrysa,calliparaea
JEJ,SP121418,low,Premnoplex,brunnescens
JEJ,SP121433,low,Basileuterus,tristriatus
JEJ,SP121435,low,Basileuterus,tristriatus
JEJ,TL120016,low,Chlorospingus,ophthalmicus
JEJ,TL120020,low,Anabacerthia,striaticollis
JEJ,TL120033,low,Chlorospingus,ophthalmicus
JEJ,TL120034,low,Chlorospingus,ophthalmicus
JEJ,TL120047,low,Premnoplex,brunnescens
JEJ,TL120052,low,Chlorochrysa,calliparaea
JEJ,TL120054,low,Pyrrhomyias,cinnamomeus
JEJ,TL120058,low,Chlorospingus,ophthalmicus
JEJ,TL120075,low,Anabacerthia,striaticollis
JEJ,TL120082,low,Premnoplex,brunnescens
JEJ,TL120093,low,Chlorochrysa,calliparaea
JEJ,TL120094,low,Basileuterus,tristriatus
JEJ,TL120095,low,Basileuterus,tristriatus
JEJ,TL120104,low,Tangara,arthus
JEJ,TL120109,low,Anabacerthia,striaticollis
JEJ,TL120111,low,Premnoplex,brunnescens
JEJ,TU120029,low,Rhynchocyclus,fulvipectus
JEJ,TU120065,low,Chlorornis,riefferii
JEJ,TU120066,low,Chlorornis,riefferii
JEJ,VC120070,low,Hylophylax,naevius
JEJ,VC120099,low,Hylophylax,naevius
JEJ,W120249,low,Anisognathus,igniventris
JEJ,W120284,low,Anisognathus,igniventris
JEJ,W120291,low,Iridosornis,jelskii
JEJ,W120305,high,Arremon,torquatus
JEJ,W120318,low,Anisognathus,igniventris
JEJ,W120319,low,Anisognathus,igniventris
JEJ,W120330,med,Anisognathus,igniventris
JEJ,W120335,low,Iridosornis,jelskii
JEJ,W120338,med,Iridosornis,jelskii
JEJ,W120412,low,Iridosornis,jelskii
JEJ,W120436,low,Anisognathus,igniventris
JEJ,W120445,med,Anisognathus,igniventris
JEJ,W120455,low,Iridosornis,jelskii
JEJ,W120468,low,Iridosornis,jelskii
JEJ,W120474,med,Iridosornis,jelskii
JEJ,W120523,low,Anisognathus,igniventris
JEJ,W120643,low,Kleinothraupis,atropileus
JEJ,W120645,low,Arremon,torquatus
JEJ,W120646,low,Kleinothraupis,atropileus
JEJ,W120676,med,Iridosornis,jelskii
JEJ,W120702,med,Anisognathus,igniventris
JEJ,W120703,med,Anisognathus,igniventris
JEJ,W120709,med,Kleinothraupis,atropileus
JEJ,W120719,med,Kleinothraupis,atropileus
JEJ,W120750,med,Chlorornis,riefferii
JEJ,W120696,med,Kleinothraupis,atropileus
JEJ,W120753,med,Kleinothraupis,atropileus
JEJ,W120755,high,Chlorornis,riefferii
JEJ,W120760,med,Kleinothraupis,atropileus
JEJ,W120764,med,Myioborus,melanocephalus
JEJ,W120781,med,Chlorornis,riefferii
JEJ,W120790,low,Myioborus,melanocephalus
JEJ,W120791,high,Chlorornis,riefferii
JEJ,W120878,low,Iridosornis,jelskii
JEJ,W120875,med,Anisognathus,igniventris
JEJ,W120921,med,Kleinothraupis,atropileus
JEJ,W120877,med,Iridosornis,jelskii
JEJ,W120924,med,Kleinothraupis,atropileus
JEJ,W120946,med,Kleinothraupis,atropileus
JEJ,W120986,low,Kleinothraupis,atropileus
JEJ,W120988,med,Kleinothraupis,atropileus
JEJ,W121001,high,Kleinothraupis,atropileus
JEJ,W121016,high,Chlorornis,riefferii
JEJ,W121048,high,Arremon,torquatus
JEJ,W121047,low,Arremon,torquatus
JEJ,W121044,med,Kleinothraupis,atropileus
JEJ,W121090,low,Myioborus,melanocephalus
JEJ,W121223,low,Iridosornis,jelskii
JEJ,W121041,med,Mecocerculus,stictopterus
JEJ,W121136,med,Myioborus,melanocephalus
JEJ,W121161,med,Myioborus,melanocephalus
JEJ,P130183,low,Hylophylax,naevius
JEJ,P130157,low,Thamnomanes,ardesiacus
JEJ,P130133,low,Chlorothraupis,carmioli
JEJ,P130050,low,Thamnomanes,ardesiacus
JEJ,P130049,high,Willisornis,poecilinotus
JEJ,P130047,low,Thamnomanes,ardesiacus
JEJ,P130041,low,Platyrinchus,platyrhynchos
JEJ,P130025,low,Myrmotherula,axillaris
JEJ,P130007,low,Willisornis,poecilinotus
JEJ,P130300,low,Corythopis,torquatus
JEJ,P130281,low,Isleria,hauxwelli
JEJ,P130259,low,Myrmotherula,axillaris
JEJ,P130233,low,Lanio,versicolor
JEJ,P130253,low,Hylophylax,naevius
JEJ,P130254,low,Microcerculus,marginatus
JEJ,P130255,low,Microcerculus,marginatus
JEJ,P130187,low,Hylophylax,naevius
JEJ,P130189,low,Hylophylax,naevius
JEJ,P130216,low,Willisornis,poecilinotus
JEJ,P130301,low,Corythopis,torquatus
JEJ,P130303,low,Corythopis,torquatus
JEJ,P130328,low,Corythopis,torquatus
JEJ,P130330,low,Corythopis,torquatus
JEJ,P130352,low,Microcerculus,marginatus
JEJ,P130400,low,Willisornis,poecilinotus
JEJ,P130405,low,Microcerculus,marginatus
JEJ,P130439,low,Isleria,hauxwelli
JEJ,P130442,low,Sclerurus,caudacutus
JEJ,P131053,low,Sclerurus,caudacutus
JEJ,P130628,low,Chlorothraupis,carmioli
JEJ,P131067,high,Sclerurus,caudacutus
JEJ,SP13006,low,Anabacerthia,striaticollis
JEJ,SP130013,low,Chiroxiphia,boliviana
JEJ,W130063,med,Pyrrhomyias,cinnamomeus
JEJ,W130080,low,Kleinothraupis,atropileus
JEJ,W130118,low,Arremon,torquatus
JEJ,W130142,low,Kleinothraupis,atropileus
JEJ,W130143,low,Kleinothraupis,atropileus
JEJ,W130145,low,Kleinothraupis,atropileus
JEJ,W130232,med,Myioborus,melanocephalus
JEJ,W130297,low,Arremon,torquatus
JEJ,W130233,med,Myioborus,melanocephalus
JEJ,W130253,med,Chlorornis,riefferii
JEJ,W130255,low,Chlorornis,riefferii
JEJ,W130256,low,Chlorornis,riefferii
JEJ,W130257,med,Myioborus,melanocephalus
JEJ,W130270,low,Anisognathus,igniventris
JEJ,W130286,med,Kleinothraupis,atropileus
JEJ,W130287,low,Kleinothraupis,atropileus
JUM,V1227,med,Myiothlypis,fulvicauda
JUM,V1229,high,Glyphorynchus,spirurus
JEJ,W130298,med,Arremon,torquatus
JEJ,W130330,high,Chlorornis,riefferii
JEJ,W130349,low,Arremon,torquatus
JEJ,W130351,low,Myioborus,melanocephalus
JEJ,W130353,med,Myioborus,melanocephalus
JEJ,W130360,high,Iridosornis,jelskii
JEJ,W130369,low,Kleinothraupis,atropileus
JEJ,W130370,low,Kleinothraupis,atropileus
JEJ,W130377,med,Arremon,torquatus
JEJ,W130378,med,Arremon,torquatus
JEJ,W130416,med,Myioborus,melanocephalus
JEJ,W130417,high,Kleinothraupis,atropileus
JEJ,W130429,med,Chlorornis,riefferii
JEJ,W130445,med,Anisognathus,igniventris
JEJ,W130453,high,Kleinothraupis,atropileus
JEJ,W130497,med,Kleinothraupis,atropileus
JEJ,W130488,low,Kleinothraupis,atropileus
JEJ,W130560,low,Arremon,torquatus
JEJ,W130561,low,Arremon,torquatus
JEJ,W130572,low,Arremon,torquatus
JEJ,W130633,low,Myioborus,melanocephalus
JEJ,W130637,med,Iridosornis,jelskii
JEJ,W130676,low,Iridosornis,jelskii
JEJ,W130826,low,Kleinothraupis,atropileus
JEJ,W130677,med,Chlorornis,riefferii
JEJ,W130700,med,Chlorornis,riefferii
JEJ,W130753,med,Pyrrhomyias,cinnamomeus
JEJ,P110129,low,Leptopogon,amaurocephalus
JEJ,W130824,med,Kleinothraupis,atropileus
JEJ,P110406,low,Leptopogon,amaurocephalus
JEJ,P115912,low,Leptopogon,amaurocephalus
JEJ,W130897,high,Iridosornis,jelskii
JEJ,W130898,high,Iridosornis,jelskii
JEJ,W130914,high,Iridosornis,jelskii
JEJ,W130920,med,Iridosornis,jelskii
JEJ,W130939,med,Anisognathus,igniventris
JEJ,P130040,low,Glyphorynchus,spirurus
JEJ,P116216,low,Leptopogon,amaurocephalus
JEJ,P116225,low,Leptopogon,amaurocephalus
JEJ,P120659,low,Leptopogon,amaurocephalus
JEJ,P120679,low,Leptopogon,amaurocephalus
JEJ,P120736,low,Leptopogon,amaurocephalus
JEJ,P120812,low,Leptopogon,amaurocephalus
JEJ,P120922,low,Leptopogon,amaurocephalus
JEJ,P121030,low,Leptopogon,amaurocephalus
JEJ,P121118,low,Leptopogon,amaurocephalus
JEJ,P121606,low,Leptopogon,amaurocephalus
JEJ,P121751,low,Leptopogon,amaurocephalus
JEJ,P130161,low,Leptopogon,amaurocephalus
JEJ,P130379,high,Leptopogon,amaurocephalus
JEJ,P110028,low,Pipra,fasciicauda
JEJ,P110034,low,Ceratopipra ,chloromeros
JEJ,P110037,low,Habia,rubica
JEJ,P110041,low,Lepidothrix,coronata
JEJ,P110042,low,Momotus,momota
JEJ,P110043,low,Myrmotherula,longipennis
JEJ,P110049,low,Habia,rubica
JEJ,P110053,low,Ceratopipra ,chloromeros
JEJ,P110055,low,Mionectes,macconnelli
JEJ,P110057,high,Geotrygon,montana
JEJ,P110058,med,Geotrygon,montana
JEJ,P110059,med,Lepidothrix,coronata
JEJ,P110060,med/high,Psarocolius,angustifrons
JEJ,P110063,low,Lepidothrix,coronata
JEJ,P110067,low,Habia,rubica
JEJ,P110068,med,Momotus,momota
JEJ,P110069,low,Habia,rubica
JEJ,P110078,low,Mionectes,olivaceus
JEJ,P110083,low,Myrmoborus,leucophrys
JEJ,P110087,low,Habia,rubica
JEJ,P110090,low/med,Pipra,fasciicauda
JEJ,P110088,med,Terenotriccus,erythrurus
JEJ,P110094,low,Mionectes,olivaceus
JEJ,P110095,low,Ramphotrigon,fuscicauda
JEJ,P110098,low,Pipra,fasciicauda
JEJ,P110100,low,Terenotriccus,erythrurus
JEJ,P110102,low,Myrmoborus,myotherinus
JEJ,P110103,low,Pipra,fasciicauda
JEJ,P110106,low,Geotrygon,montana
JEJ,P110107,low,Geotrygon,montana
JEJ,P110108,low,Laniocera,hypopyrra
JEJ,P110110,low,Ceratopipra ,chloromeros
JEJ,P110111,low,Automolus,ochrolaemus
JEJ,P110114,high,Aulacorhynchus,prasinus
JEJ,P110119,low,Xenops,tenuirostris
JEJ,P110122,med,Ceratopipra ,chloromeros
JEJ,P110124,low,Pipra,fasciicauda
JEJ,P110133,low,Pipra,fasciicauda
JEJ,P110137,med,Tangara,schrankii
JEJ,P110138,low,Mionectes,macconnelli
JEJ,P110142,none,Automolus,ochrolaemus
JEJ,P110144,med,Turdus,albicollis
JEJ,P110156,high,Pteroglossus,azara
JEJ,P110157,low,Pteroglossus,azara
JEJ,P110166,med,Turdus,albicollis
JEJ,P110174,low,Synallaxis,cabanisi
JEJ,P110175,low,Lepidothrix,coronata
JEJ,P110179,low,Mionectes,oleagineus
JEJ,P110185,low,Mionectes,oleagineus
JUM,V1239,high,Cacicus,cela
JUM,V1268,med,Xiphorhynchus,elegans
JUM,V1288,low,Thamnophilus,murinus
JUM,V1247,med,Corythopis,torquatus
JUM,V1235,high,Xiphorhynchus,elegans
JUM,V1244,high,Glyphorynchus,spirurus
JUM,V1264,high,Dendrocincla,fuliginosa
JUM,V1284,med,Glyphorynchus,spirurus
JUM,V1220,med,Dendrocincla,merula
JEJ,P110190,low,Lepidothrix,coronata
JEJ,P110192,low,Mionectes,macconnelli
JEJ,P110193,low,Pipra,fasciicauda
JEJ,P110198,low,Mionectes,oleagineus
JEJ,P110200,high,Oneillornis,salvini
JEJ,P110203,low,Mionectes,oleagineus
JEJ,P110207,high,Pteroglossus,beauharnaisii
JEJ,P110208,med,Pteroglossus,beauharnaisii
JEJ,P110210,low,Ceratopipra ,chloromeros
JEJ,P110222,low,Mionectes,oleagineus
JEJ,P110226,low,Lepidothrix,coronata
JEJ,P110227,low,Platyrinchus,coronatus
JEJ,P110228,low,Pipra,fasciicauda
JEJ,P110232,low,Automolus,ochrolaemus
JEJ,P110243,low,Mionectes,olivaceus
JEJ,P110246,low,Ceratopipra ,chloromeros
JEJ,P110256,low,Oneillornis,salvini
JEJ,P110258,low,Lepidothrix,coronata
JEJ,P110268,low,Platyrinchus,coronatus
JEJ,P110269,low,Lepidothrix,coronata
JEJ,P110273,low,Euphonia,xanthogaster
JEJ,P110275,low,Dendroma,erythroptera
JEJ,P110278,low,Ceratopipra ,chloromeros
JEJ,P110292,med,Xenops,minutus
JEJ,P110293,med,Oneillornis,salvini
JEJ,P110294,low,Terenotriccus,erythrurus
JEJ,P110295,med,Catharus,ustulatus
JEJ,P110296,low,Thamnophilus,schistaceus
JEJ,P110307,low,Myrmoborus,myotherinus
JEJ,P110311,low,Mionectes,oleagineus
JEJ,P110312,low,Mionectes,oleagineus
JEJ,P110317,low,Lepidothrix,coronata
JEJ,P110318,low,Epinecrophylla,leucophthalma
JEJ,P110320,low,Pipra,fasciicauda
JEJ,P110322,med,Pipra,fasciicauda
JEJ,P110323,low,Arremon,taciturnus
JEJ,P110324,low,Pipra,fasciicauda
JEJ,P110325,low,Thamnophilus,schistaceus
JEJ,P110330,low,Campylopterus,largipennis
JEJ,P110331,med,Pipra,fasciicauda
JEJ,P110332,low,Pipra,fasciicauda
JEJ,P110333,high,Lepidothrix,coronata
JEJ,P110334,med,Turdus,albicollis
JEJ,P110338,low,Mionectes,oleagineus
JEJ,P110343,med,Lepidothrix,coronata
JEJ,P110346,med,Arremon,taciturnus
JEJ,P110348,low,Mionectes,oleagineus
JEJ,P110356,low,Ceratopipra ,chloromeros
JEJ,P110357,low,Ceratopipra ,chloromeros
JEJ,P110359,low,Arremon,taciturnus
JEJ,P110360,low,Ceratopipra ,chloromeros
JEJ,P110361,low,Ceratopipra ,chloromeros
JEJ,P110364,high,Aulacorhynchus,prasinus
JEJ,P110367,low,Xenops,minutus
JEJ,P110368,med,Pipra,fasciicauda
JEJ,P110373,low,Tangara,schrankii
JEJ,P110375,low,Mionectes,oleagineus
JEJ,P110376,low,Automolus,subulatus
JEJ,P110386,low,Neoctantes,niger
JEJ,P110392,low,Catharus,ustulatus
JEJ,P110393,low,Pipra,fasciicauda
JEJ,P110396,low,Epinecrophylla,erythrura
JEJ,P110399,low,Mionectes,macconnelli
JEJ,P110402,low,Catharus,ustulatus
JEJ,P110404,low,Mionectes,oleagineus
JEJ,P110405,med,Cyanoloxia,cyanoides
JEJ,P110412,high,Ceratopipra ,chloromeros
JEJ,P110417,low,Geotrygon,montana
JEJ,P110418,low,Thamnophilus,schistaceus
JEJ,P110420,low,Mionectes,macconnelli
JEJ,P110421,med,Trogon,violaceus
JEJ,P110422,low,Lepidothrix,coronata
JEJ,P110424,med,Saltator,maximus
JEJ,P110425,med,Pipra,fasciicauda
JEJ,P115895,med,Mionectes ,olivaceus
JEJ,P115906,high,Mionectes,macconnelli
JEJ,P115910,high,Cyanoloxia,cyanoides
JEJ,P115919,high,Mionectes,olivaceus
JEJ,P115925,med,Phlegopsis,nigromaculata
JEJ,P115929,high,Automolus,melanopezus
JEJ,P115932,high,Mionectes,macconnelli
JEJ,P115935,med,Xenops,minutus
JEJ,P115936,med,Sclerurus,mexicanus
JEJ,P115937,low,Syndactyla ,ucayalae
JEJ,P115940,low,Percnostola,goeldii
JEJ,P115942,low,Thamnophilus,schistaceus
JEJ,P115944,med,Mionectes,macconnelli
JEJ,P115945,low,Thamnophilus,schistaceus
JEJ,P115948,med,Terenotriccus,erythrurus
JEJ,P115950,low,Oneillornis,salvini
JEJ,P115952,low,Pipra,fasciicauda
JEJ,P115955,med,Ceratopipra ,chloromeros
JEJ,P115956,low,Pipra,fasciicauda
JEJ,P115958,low,Mionectes,oleagineus
JEJ,P115959,high,Mionectes,macconnelli
JEJ,P115960,med,Mionectes,macconnelli
JEJ,P115964,high,Pipra,fasciicauda
JEJ,P115984,med,Cyphorhinus,arada
JEJ,P115991,low,Percnostola,goeldii
JEJ,P115993,low,Thamnophilus,schistaceus
JEJ,P115997,low,Ramphastos,tucanus
JEJ,P115999,low,Anabazenops,dorsalis
JEJ,P116004,med,Mionectes,macconnelli
JEJ,P116005,med,Oneillornis,salvini
JEJ,P116007,med,Mionectes,oleagineus
JEJ,P116012,high,Pipra,fasciicauda
JEJ,P116013,low,Lepidothrix,coronata
JEJ,P116014,med,Pipra,fasciicauda
JEJ,P116019,high,Mionectes,macconnelli
JEJ,P116022,med,Pipra,fasciicauda
JEJ,P116030,low,Myrmoborus,myotherinus
JEJ,P116034,high,Dendroma,rufa
JEJ,P116037,low,Epinecrophylla,leucophthalma
JEJ,P116041,low,Arremon,taciturnus
JEJ,P116043,low,Myrmoborus,myotherinus
JEJ,P116048,med,Deconychura,longicauda
JEJ,P116049,med,Piprites,chloris
JEJ,P116051,med,Lepidothrix,coronata
JEJ,P116053,low,Ceratopipra ,chloromeros
JEJ,P116054,med,Ceratopipra ,chloromeros
JEJ,P116057,med,Automolus,infuscatus
JEJ,P116058,med,Habia,rubica
JEJ,P116059,low,Laniocera,hypopyrra
JEJ,P116068,low,Mionectes,olivaceus
JEJ,P116079,low,Oneillornis,salvini
JEJ,P116082,low,Conopophaga,peruviana
JEJ,P116085,low,Habia,rubica
JEJ,P116089,med,Deconychura,longicauda
JEJ,P116092,med,Dichrozona,cincta
JEJ,P116094,med,Mionectes,macconnelli
JEJ,P116096,high,Xenops,minutus
JEJ,P116097,low,Xenops,minutus
JEJ,P116110,med,Mionectes,olivaceus
JEJ,P116120,med,Thamnophilus,schistaceus
JEJ,P116111,low,Pipra,fasciicauda
JEJ,P116112,med,Mionectes,macconnelli
JEJ,P116115,med,Arremon,taciturnus
JEJ,P116116,low,Myrmoborus,lophotes
JEJ,P116121,low,Pipra,fasciicauda
JEJ,P116123,med,Thamnophilus,schistaceus
JEJ,P116131,low,Laniocera,hypopyrra
JEJ,P116142,low,Mionectes,olivaceus
JEJ,P116150,low,Oneillornis,salvini
JEJ,P116151,med,Oneillornis,salvini
JEJ,P116152,high,Oneillornis,salvini
JEJ,P116206,low,Sciaphylax,hemimelaena
JEJ,P116215,high,Oneillornis,salvini
JEJ,P116254,low,Automolus,ochrolaemus
JEJ,P116261,med,Deconychura,longicauda
JEJ,P116276,low,Automolus,ochrolaemus
JEJ,P116287,low,Automolus,ochrolaemus
JEJ,P116303,high,Rhytipterna,simplex
JEJ,P116325,high,Oneillornis,salvini
JEJ,P116336,low,Myrmotherula,longipennis
JEJ,P120612,low,Percnostola,goeldii
JEJ,P120615,low,Arremon,taciturnus
JEJ,P120621,low,Sciaphylax,hemimelaena
JEJ,P120629,low,Percnostola,goeldii
JEJ,P120666,low,Tangara,schrankii
JEJ,P120703,low,Glyphorynchus,spirurus
JEJ,P120676,low,Phlegopsis,nigromaculata
JEJ,P120685,low,Myrmotherula,menetriesii
JEJ,P120695,low,Myrmotherula,longipennis
JEJ,P120711,low,Automolus,ochrolaemus
JEJ,P120712,low,Habia,rubica
JEJ,P120715,low,Automolus,ochrolaemus
JEJ,P120716,low,Pipra,fasciicauda
JEJ,P120713,low,Habia,rubica
JEJ,P120744,low,Terenotriccus,erythrurus
JEJ,P120752,low,Oneillornis,salvini
JEJ,P120769,low,Phlegopsis,nigromaculata
JEJ,P120779,low,Arremon,taciturnus
JEJ,P120795,low,Xiphorhynchus,elegans
JEJ,P120783,low,XIphorhynchus,elegans
JEJ,P120790,none,Arremon,taciturnus
JEJ,P120799,low,Myrmotherula,menetriesii
JEJ,P120800,low,Automolus,ochrolaemus
JEJ,P120814,low,Habia,rubica
JEJ,P120850,low,Thamnophilus,schistaceus
JEJ,P120870,low,Ramphotrigon,fuscicauda
JEJ,P120913,low,Habia,rubica
JEJ,P120920,low,Arremon,taciturnus
JEJ,P120964,low,Oneillornis,salvini
JEJ,P121005,med,Tangara,schrankii
JEJ,P121042,low,Arremon,taciturnus
JEJ,P121064,low,Tangara,schrankii
JEJ,P121135,low,Phlegopsis,nigromaculata
JEJ,P121354,low,Arremon,taciturnus
JEJ,P121399,low,Xiphorhynchus,elegans
JEJ,P121417,low,Arremon,taciturnus
JEJ,P121426,low,Habia,rubica
JEJ,P121430,low,Arremon,taciturnus
JEJ,P121467,low,Thamnophilus,schistaceus
JEJ,P121508,low,Oneillornis,salvini
JEJ,P121511,low,Myiobius,barbatus
JEJ,P121575,low,Tangara,schrankii
JEJ,P121580,low,Terenotriccus,erythrurus
JEJ,P121593,low,Myrmotherula,longipennis
JEJ,P121775,low,Phaethornis,koepckeae
JEJ,P121756,low,Arremon,taciturnus
JEJ,P121798,low,Thamnophilus,schistaceus
JEJ,P130002,low,Rhytipterna,simplex
JEJ,P130003,low,Oneillornis,salvini
JEJ,P130060,low,Thamnophilus,schistaceus
JEJ,P130298,med,Oneillornis,salvini
JEJ,P130269,med,Arremon,taciturnus
JEJ,P130182,low,Oneillornis,salvini
JEJ,P130067,low,Thamnophilus,schistaceus
JEJ,P130131,low,Arremon,taciturnus
JEJ,P130155,low,Oneillornis,salvini
JEJ,P130180,low,Oneillornis,salvini
JEJ,SP121342,low,Myrmotherula,schisticolor
JEJ,SP121402,low,Myiothlypis,coronata
JEJ,SP121325,low,Cyphorhinus,thoracicus
JEJ,P130335,low,Sciaphylax,hemimelaena
JEJ,P130332,low,Deconychura,longicauda
JEJ,P130334,med,Rhytipterna,simplex
JEJ,P130351,med,Arremon,taciturnus
JEJ,P130353,low,Automolus,ochrolaemus
JEJ,P130443,med,Phlegopsis,nigromaculata
JEJ,P130355,low,Terenotriccus,erythrurus
JEJ,P130392,high,Deconychura,longicauda
JEJ,P130803,high,Ramphotrigon,fuscicauda
JEJ,P130887,low,Sciaphylax,hemimelaena
JEJ,SP110004,high,Trichothraupis,melanops
JEJ,SP110009,low,Myiothlypis,coronata
JEJ,SP110017,high,Myiothlypis,coronata
JEJ,SP110027,low,Thripadectes,melanorhynchus
JEJ,SP110036,low,Trichothraupis,melanops
JEJ,SP110039,low,Thripadectes,melanorhynchus
JEJ,SP110038,low,Trichothraupis,melanops
JEJ,SP110048,low,Thripadectes,melanorhynchus
JEJ,SP110069,low,Thripadectes,melanorhynchus
JEJ,SP110094,high,Cyphorhinus,thoracicus
JEJ,SP110041,low,Myiothlypis,coronata
JEJ,SP110042,low,Cyphorhinus,thoracicus
JEJ,SP110047,low,Thripadectes,melanorhynchus
JEJ,SP110126,low,Cyphorhinus,thoracicus
JEJ,SP110143,low,Myiothlypis,coronata
JEJ,SP110320,low,Trichothraupis,melanops
JEJ,SP120030,med,Myiothlypis,bivittata
JEJ,SP110159,high,Myiothlypis,bivittata
JEJ,SP110367,med,Thripadectes,melanorhynchus
JEJ,SP120057,low,Myiothlypis,coronata
JEJ,SP120065,low,Lophotriccus,pileatus
JEJ,SP120080,low,Myiothlypis,coronata
JEJ,SP120061,low,Thripadectes,melanorhynchus
JEJ,SP120062,low,Trichothraupis,melanops
JEJ,SP120660,low,Myiothlypis,bivittata
JEJ,SP120670,low,Trichothraupis,melanops
JEJ,SP120675,low,Lophotriccus,pileatus
JEJ,SP120809,low,Myiothlypis,bivittata
JEJ,SP120778,low,Myiothlypis,coronata
JEJ,SP120054,none,Myiothlypis,coronata
JEJ,SP120764,low,Trichothraupis,melanops
JEJ,SP120874,low,Myrmotherula,longicauda
JEJ,SP120859,low,Myiothlypis,bivittata
JEJ,SP120772,low,Lophotriccus,pileatus
JEJ,SP120894,low,Myiothlypis,coronata
JEJ,SP121000,low,Myiothlypis,coronata
JEJ,SP120954,low,Thripadectes,melanorhynchus
JEJ,SP121001,low,Cyphorhinus,thoracicus
JEJ,SP120943,low,Myiothlypis,coronata
JEJ,SP121002,low,Thripadectes,melanorhynchus
JEJ,SP121019,low,Thripadectes,melanorhynchus
JEJ,SP121022,low,Trichothraupis,melanops
JEJ,SP121025,low,Cyphorhinus,thoracicus
JEJ,SP121031,low,Cyphorhinus,thoracicus
JEJ,SP121046,low,Thripadectes,melanorhynchus
JEJ,SP121057,low,Cyphorhinus,thoracicus
JEJ,SP121059,none,Cyphorhinus,thoracicus
JEJ,SP121064,med,Cyphorhinus,thoracicus
JEJ,SP121065,low,Cyphorhinus,thoracicus
JEJ,SP121066,low,Cyphorhinus,thoracicus
JEJ,SP121077,low,Myiothlypis,bivittata
JEJ,SP121079,low,Myiothlypis,bivittata
JEJ,SP121090,low,Thripadectes,melanorhynchus
JEJ,SP121098,low,Thripadectes,melanorhynchus
JEJ,SP121117,low,Myiothlypis,bivittata
JEJ,SP121163,low,Thripadectes,melanorhynchus
JEJ,SP121172,low,Lophotriccus,pileatus
JEJ,SP121216,low,Myrmotherula,schisticolor
JEJ,SP121185,med,Myrmotherula,schisticolor
JEJ,SP121210,med,Myiothlypis,bivittata
JEJ,SP121223,low,Myiothlypis,bivittata
JEJ,SP121226,low,Myrmotherula,longicauda
JEJ,SP121273,low,Cyphorhinus,thoracicus
JEJ,SP121292,low,Myiothlypis,bivittata
JEJ,P116148,med,Mionectes,oleagineus
JEJ,P116149,low,Myrmoborus,myotherinus
JEJ,P116155,med,Percnostola,fortis
JEJ,P116167,low,Mionectes,oleagineus
JEJ,P116171,low,Ceratopipra ,chloromeros
JEJ,P116177,low,Lepidothrix,coronata
JEJ,P116183,low,Mionectes,olivaceus
JEJ,P116186,low,Mionectes,olivaceus
JEJ,P116220,high,Rhegmatorhina,melanosticta
JEJ,P116221,low,Rhegmatorhina,melanosticta
JEJ,P116222,med,Rhegmatorhina,melanosticta
JEJ,P116223,low,Thalurania,furcata
JEJ,P116218,med,Rhegmatorhina,melanosticta
JEJ,P116233,low,Mionectes,olivaceus
JEJ,P116441,low,Mionectes,olivaceus
JEJ,P116443,low,Cyanoloxia,cyanoides
JEJ,P116485,low,Mionectes,olivaceus
JEJ,P116487,med,Mionectes,olivaceus
JEJ,P116489,med,Mionectes,olivaceus
JEJ,P120616,low,Ancistrops,strigilatus
JEJ,P120704,low,Mionectes,striaticollis
JEJ,P120844A,med,Cyanoloxia,cyanoides
JEJ,P121028,high,Ancistrops,strigilatus
JEJ,P121441,low,Cyanoloxia,cyanoides
JEJ,P130185,low,Cyanoloxia,cyanoides
JEJ,P130219,low,Cyanoloxia,cyanoides
JEJ,P130491,low,Rhegmatorhina,melanosticta
JEJ,SP110010,high,Sphenopsis,melanotis
JEJ,SP110011,high,Sphenopsis,melanotis
JEJ,P130372,med,Mionectes,olivaceus
JEJ,SP110028,med,Sphenopsis,melanotis
JEJ,SP110124,med,Sphenopsis,melanotis
JEJ,SP110164,med,Sporophila,nigricollis
JEJ,SP110196,low,Sporophila,nigricollis
JEJ,SP110197,low,Sporophila,nigricollis
JEJ,SP120055,low,Sphenopsis,melanotis
JEJ,SP120070,low,Diglossa,glauca
JEJ,SP121054,low,Ammodramus,aurifrons
JEJ,SP121051,low,Xiphorhynchus,triangularis
JEJ,SP121114,med,Mionectes,olivaceus
JEJ,SP121171,low,Mionectes,olivaceus
JEJ,SP121215,med,Sphenopsis,melanotis
JEJ,SP121239,low,Mionectes,olivaceus
JEJ,SP121313,low,Cyanerpes,caeruleus
JEJ,SP121331,low,Cyanerpes,caeruleus
JEJ,SP121361,med,Sphenopsis,melanotis
JEJ,SP13113,med,Sphenopsis,melanotis
JEJ,SP13248,low,Ammodramus,aurifrons
JEJ,TL120053,low,Anisognathus,somptuosus
JEJ,TL120055,low,Anisognathus,somptuosus
JEJ,TL120056,low,Sphenopsis,melanotis
JEJ,TL120060,med,Iridosornis,analis
JEJ,TL120062,med,Iridosornis,analis
JEJ,TU120049,med,Buthraupis,montana
JEJ,TU120050,low,Buthraupis,montana
JEJ,TU120059,low,Sphenopsis,melanotis
JEJ,VC120088,med,Mionectes,olivaceus
JEJ,VC120089,high,Mionectes,olivaceus
JEJ,VC120108,low,Mionectes,olivaceus
JEJ,W120322,med,Sporathraupis ,cyanocephala
JEJ,W120483,med,Buthraupis,montana
JEJ,W120518,med,Sporathraupis ,cyanocephala
JEJ,W120525,med,Sporathraupis ,cyanocephala
JEJ,W120530,low,Sporathraupis ,cyanocephala
JEJ,W120691,med,Dubusia,taeniata
JEJ,W120715,med,Haplospiza,rustica
JEJ,W120826,med,Haplospiza,rustica
JEJ,W120876,med,Sporathraupis ,cyanocephala
JEJ,W130188,low,Sporathraupis ,cyanocephala
JEJ,W130234,med,Buthraupis,montana
JEJ,W130515,low,Haplospiza,rustica
JEJ,W130566,low,Sporathraupis ,cyanocephala
JEJ,W130559,low,Sporathraupis ,cyanocephala
JEJ,W130603,med,Sporathraupis ,cyanocephala
JEJ,W130623,low,Sporathraupis ,cyanocephala
JEJ,W130648,med,Sporathraupis ,cyanocephala
JEJ,W130654,high,Sporathraupis ,cyanocephala
JEJ,W130814,low,Haplospiza,rustica
JEJ,W130850,low,Haplospiza,rustica