Host.Family,BLFamilyLatin,species_clean,species_jetz,sociality,foraging_cat,elevation_cat,TipLabel,Full_Label,keycol,valuecol
Furnariidae,Dendrocolaptidae,Xiphorhynchus elegans,Xiphorhynchus elegans,1,midhigh,lowland_iquitos,Xiphorhynchus_elegans,V694,Lice.Genus,Myrsidea
Furnariidae,Dendrocolaptidae,Xiphorhynchus elegans,Xiphorhynchus elegans,1,midhigh,lowland_iquitos,Xiphorhynchus_elegans,M502,Lice.Genus,Rallicola
Furnariidae,Dendrocolaptidae,Xiphorhynchus elegans,Xiphorhynchus elegans,1,midhigh,lowland_iquitos,Xiphorhynchus_elegans,V192,Lice.Genus,Rallicola
Furnariidae,Dendrocolaptidae,Xiphorhynchus elegans,Xiphorhynchus elegans,1,midhigh,lowland_iquitos,Xiphorhynchus_elegans,V820,Lice.Genus,Ricinus
Furnariidae,Dendrocolaptidae,Xiphorhynchus elegans,Xiphorhynchus elegans,1,midhigh,lowland_iquitos,Xiphorhynchus_elegans,V694,Lice.Genus2,Ricinus
Furnariidae,Furnariidae,Xenops minutus,Xenops minutus,1,ground-understory,lowland_iquitos,Xenops_minutus,M561,Lice.Genus,Myrsidea
Furnariidae,Furnariidae,Xenops minutus,Xenops minutus,1,ground-understory,lowland_iquitos,Xenops_minutus,P116096,Lice.Genus,Rallicola
Thamnophilidae,Thamnophilidae,Willisornis poecilinotus,Willisornis poecilinotus,0,ground,lowland_iquitos,Willisornis_poecilinotus,V813,Lice.Genus,Myrsidea
Thamnophilidae,Thamnophilidae,Willisornis poecilinotus,Willisornis poecilinotus,0,ground,lowland_iquitos,Willisornis_poecilinotus,V163,Lice.Genus,Philopteridae
Thamnophilidae,Thamnophilidae,Willisornis poecilinotus,Willisornis poecilinotus,0,ground,lowland_iquitos,Willisornis_poecilinotus,1022,Lice.Genus,Ricinus
Thamnophilidae,Thamnophilidae,Willisornis poecilinotus,Willisornis poecilinotus,0,ground,lowland_iquitos,Willisornis_poecilinotus,P120675,Lice.Genus,Ricinus
Thamnophilidae,Thamnophilidae,Willisornis poecilinotus,Willisornis poecilinotus,0,ground,lowland_iquitos,Willisornis_poecilinotus,1022,Lice.Genus,Ricinus
Thamnophilidae,Thamnophilidae,Willisornis poecilinotus,Willisornis poecilinotus,0,ground,lowland_iquitos,Willisornis_poecilinotus,1022,Lice.Genus2,Philopterus?
Turdidae,Turdidae,Turdus albicollis,Turdus albicollis,0,ground,lowland_iquitos,Turdus_albicollis,M581,Lice.Genus,Myrsidea
Turdidae,Turdidae,Turdus albicollis,Turdus albicollis,0,ground,lowland_iquitos,Turdus_albicollis,P110144,Lice.Genus,Myrsidea
Turdidae,Turdidae,Turdus albicollis,Turdus albicollis,0,ground,lowland_iquitos,Turdus_albicollis,P110166,Lice.Genus,Myrsidea
Turdidae,Turdidae,Turdus albicollis,Turdus albicollis,0,ground,lowland_iquitos,Turdus_albicollis,P110334,Lice.Genus,Myrsidea
Turdidae,Turdidae,Turdus albicollis,Turdus albicollis,0,ground,lowland_iquitos,Turdus_albicollis,M500,Lice.Genus,Philopterus
Thraupidae,Thraupidae,Trichothraupis melanops,Trichothraupis melanops,1,ground-understory,lowland_iquitos,Trichothraupis_melanops,SP110004,Lice.Genus,Myrsidea
Thraupidae,Thraupidae,Trichothraupis melanops,Trichothraupis melanops,1,ground-understory,lowland_iquitos,Trichothraupis_melanops,SP110036,Lice.Genus,Myrsidea
Thraupidae,Thraupidae,Trichothraupis melanops,Trichothraupis melanops,1,ground-understory,lowland_iquitos,Trichothraupis_melanops,SP110038,Lice.Genus,Myrsidea
Thraupidae,Thraupidae,Trichothraupis melanops,Trichothraupis melanops,1,ground-understory,lowland_iquitos,Trichothraupis_melanops,SP120764,Lice.Genus,Myrsidea
Furnariidae,Furnariidae,Thripadectes melanorhynchus,Thripadectes melanorhynchus,1,understory,lowland_iquitos,Thripadectes_melanorhynchus,SP110027,Lice.Genus,Myrsidea
Furnariidae,Furnariidae,Thripadectes melanorhynchus,Thripadectes melanorhynchus,1,understory,lowland_iquitos,Thripadectes_melanorhynchus,SP110047,Lice.Genus,Myrsidea
Furnariidae,Furnariidae,Thripadectes melanorhynchus,Thripadectes melanorhynchus,1,understory,lowland_iquitos,Thripadectes_melanorhynchus,SP110367,Lice.Genus,Myrsidea
Furnariidae,Furnariidae,Thripadectes melanorhynchus,Thripadectes melanorhynchus,1,understory,lowland_iquitos,Thripadectes_melanorhynchus,SP121002,Lice.Genus,Myrsidea
Furnariidae,Furnariidae,Thripadectes melanorhynchus,Thripadectes melanorhynchus,1,understory,lowland_iquitos,Thripadectes_melanorhynchus,SP121046,Lice.Genus,Myrsidea
Furnariidae,Furnariidae,Thripadectes melanorhynchus,Thripadectes melanorhynchus,1,understory,lowland_iquitos,Thripadectes_melanorhynchus,SP121163,Lice.Genus,Myrsidea
Furnariidae,Furnariidae,Thripadectes melanorhynchus,Thripadectes melanorhynchus,1,understory,lowland_iquitos,Thripadectes_melanorhynchus,SP110039,Lice.Genus,Myrsidea
Furnariidae,Furnariidae,Thripadectes melanorhynchus,Thripadectes melanorhynchus,1,understory,lowland_iquitos,Thripadectes_melanorhynchus,SP121019,Lice.Genus,Myrsidea
Furnariidae,Furnariidae,Thripadectes melanorhynchus,Thripadectes melanorhynchus,1,understory,lowland_iquitos,Thripadectes_melanorhynchus,SP121090,Lice.Genus,Myrsidea
Furnariidae,Furnariidae,Thripadectes melanorhynchus,Thripadectes melanorhynchus,1,understory,lowland_iquitos,Thripadectes_melanorhynchus,SP120954,Lice.Genus,Myrsidea
Furnariidae,Furnariidae,Thripadectes melanorhynchus,Thripadectes melanorhynchus,1,understory,lowland_iquitos,Thripadectes_melanorhynchus,SP120061,Lice.Genus,unknown
Furnariidae,Furnariidae,Thripadectes melanorhynchus,Thripadectes melanorhynchus,1,understory,lowland_iquitos,Thripadectes_melanorhynchus,SP110039,Lice.Genus2,Rallicola
Furnariidae,Furnariidae,Thripadectes melanorhynchus,Thripadectes melanorhynchus,1,understory,lowland_iquitos,Thripadectes_melanorhynchus,SP121019,Lice.Genus2,Rallicola
Furnariidae,Furnariidae,Thripadectes melanorhynchus,Thripadectes melanorhynchus,1,understory,lowland_iquitos,Thripadectes_melanorhynchus,SP121090,Lice.Genus2,Rallicola
Furnariidae,Furnariidae,Thripadectes melanorhynchus,Thripadectes melanorhynchus,1,understory,lowland_iquitos,Thripadectes_melanorhynchus,SP120954,Lice.Genus2,Rallicola
Furnariidae,Furnariidae,Thripadectes melanorhynchus,Thripadectes melanorhynchus,1,understory,lowland_iquitos,Thripadectes_melanorhynchus,SP120954,Lice.Genus3,Menoponidae
Apodiformes,Trochilidae,Threnetes leucurus,Threnetes leucurus,0,understory,lowland_iquitos,Threnetes_leucurus,V120,Lice.Genus,Myrsidea
Thraupidae,Thraupidae,Sporathraupis cyanocephala,Thraupis cyanocephala,1,canopy,lowland_iquitos,Thraupis_cyanocephala,W130566,Lice.Genus,Myrsidea
Thraupidae,Thraupidae,Sporathraupis cyanocephala,Thraupis cyanocephala,1,canopy,lowland_iquitos,Thraupis_cyanocephala,W120525,Lice.Genus,Philopterus-like
Thraupidae,Thraupidae,Sporathraupis cyanocephala,Thraupis cyanocephala,1,canopy,lowland_iquitos,Thraupis_cyanocephala,W130188,Lice.Genus,Philopterus-like
Thraupidae,Thraupidae,Sporathraupis cyanocephala,Thraupis cyanocephala,1,canopy,lowland_iquitos,Thraupis_cyanocephala,W130603,Lice.Genus,Philopterus-like
Thraupidae,Thraupidae,Sporathraupis cyanocephala,Thraupis cyanocephala,1,canopy,lowland_iquitos,Thraupis_cyanocephala,W130566,Lice.Genus2,Philopterus-like
Thamnophilidae,Thamnophilidae,Thamnophilus schistaceus,Thamnophilus schistaceus,1,midhigh,lowland_iquitos,Thamnophilus_schistaceus,P116120,Lice.Genus,Myrsidea
Thamnophilidae,Thamnophilidae,Thamnophilus schistaceus,Thamnophilus schistaceus,1,midhigh,lowland_iquitos,Thamnophilus_schistaceus,P116123,Lice.Genus,Myrsidea
Thamnophilidae,Thamnophilidae,Thamnophilus schistaceus,Thamnophilus schistaceus,1,midhigh,lowland_iquitos,Thamnophilus_schistaceus,P110296,Lice.Genus,Myrsidea
Thamnophilidae,Thamnophilidae,Thamnophilus schistaceus,Thamnophilus schistaceus,1,midhigh,lowland_iquitos,Thamnophilus_schistaceus,P110296,Lice.Genus2,Philopteridae
Trochilidae,Trochilidae,Thalurania furcata,Thalurania furcata,0,ground-understory,lowland_iquitos,Thalurania_furcata,P116223,Lice.Genus,Ricinus
"Tityridae
",Tyrannidae,Terenotriccus erythrurus,Terenotriccus erythrurus,1,midhigh,lowland_iquitos,Terenotriccus_erythrurus,P115948,Lice.Genus,Myrsidea
"Tityridae
",Tyrannidae,Terenotriccus erythrurus,Terenotriccus erythrurus,1,midhigh,lowland_iquitos,Terenotriccus_erythrurus,P110100,Lice.Genus,Ricinus
Tyrannidae,Tyrannidae,Terenotriccus erythrurus,Terenotriccus erythrurus,1,midhigh,lowland_iquitos,Terenotriccus_erythrurus,4182,Lice.Genus,Myrsidea
Tyrannidae,Tyrannidae,Terenotriccus erythrurus,Terenotriccus erythrurus,1,midhigh,lowland_iquitos,Terenotriccus_erythrurus,4281,Lice.Genus,Myrsidea
Tyrannidae,Tyrannidae,Terenotriccus erythrurus,Terenotriccus erythrurus,1,midhigh,lowland_iquitos,Terenotriccus_erythrurus,968,Lice.Genus,Myrsidea
Tyrannidae,Tyrannidae,Terenotriccus erythrurus,Terenotriccus erythrurus,1,midhigh,lowland_iquitos,Terenotriccus_erythrurus,V466,Lice.Genus,Myrsidea
Thraupidae,Thraupidae,Tangara schrankii,Tangara schrankii,1,midhigh,lowland_iquitos,Tangara_schrankii,P110137,Lice.Genus,Myrsidea
Thraupidae,Thraupidae,Tangara schrankii,Tangara schrankii,1,midhigh,lowland_iquitos,Tangara_schrankii,P110373,Lice.Genus,Myrsidea
Thraupidae,Thraupidae,Tangara arthus,Tangara arthus,1,midhigh,lowland_iquitos,Tangara_arthus,SP120666,Lice.Genus,Myrsidea
Thraupidae,Thraupidae,Tangara arthus,Tangara arthus,1,midhigh,lowland_iquitos,Tangara_arthus,SP121081,Lice.Genus,Myrsidea
Thraupidae,Thraupidae,Tangara arthus,Tangara arthus,1,midhigh,lowland_iquitos,Tangara_arthus,SP121138,Lice.Genus,Myrsidea
Thraupidae,Thraupidae,Tangara arthus,Tangara arthus,1,midhigh,lowland_iquitos,Tangara_arthus,SP121308,Lice.Genus,Myrsidea
Thraupidae,Thraupidae,Tangara arthus,Tangara arthus,1,midhigh,lowland_iquitos,Tangara_arthus,TL120104,Lice.Genus,Myrsidea
Furnariidae,Furnariidae,Synallaxis cabanisi,Synallaxis cabanisi,0,understory,lowland_iquitos,Synallaxis_cabanisi,P110174,Lice.Genus,Myrsidea
"Furnariidae
",Furnariidae,Syndactyla ucayalae,Simoxenops ucayalae,1,understory,lowland_iquitos,Simoxenops_ucayalae,P115937,Lice.Genus,Myrsidea
Furnariidae,Furnariidae,Sclerurus caudacutus,Sclerurus caudacutus,0,ground,lowland_iquitos,Sclerurus_caudacutus,P110171,Lice.Genus,Furnariphilus
Furnariidae,Furnariidae,Sclerurus caudacutus,Sclerurus caudacutus,0,ground,lowland_iquitos,Sclerurus_caudacutus,P115901,Lice.Genus,Furnariphilus
Furnariidae,Furnariidae,Sclerurus caudacutus,Sclerurus caudacutus,0,ground,lowland_iquitos,Sclerurus_caudacutus,V135,Lice.Genus,Myrsidea
Tityridae,Cotingidae,Schiffornis turdina,Schiffornis turdina,0,understory,lowland_iquitos,Schiffornis_turdina,M591,Lice.Genus,Myrsidea
Tityridae,Cotingidae,Schiffornis turdina,Schiffornis turdina,0,understory,lowland_iquitos,Schiffornis_turdina,P116166,Lice.Genus,Myrsidea
Tityridae,Cotingidae,Schiffornis turdina,Schiffornis turdina,0,understory,lowland_iquitos,Schiffornis_turdina,P116185,Lice.Genus,Myrsidea
Tityridae,Cotingidae,Schiffornis turdina,Schiffornis turdina,0,understory,lowland_iquitos,Schiffornis_turdina,P116202,Lice.Genus,Myrsidea
Tityridae,Cotingidae,Schiffornis turdina,Schiffornis turdina,0,understory,lowland_iquitos,Schiffornis_turdina,P116262,Lice.Genus,Myrsidea
Thraupidae,Cardinalidae,Saltator maximus,Saltator maximus,1,ground-understory,lowland_iquitos,Saltator_maximus,P110424,Lice.Genus,Myrsidea
Cotingidae,Cotingidae,Rupicola peruvianus,Rupicola peruvianus,0,ground-understory,lowland_iquitos,Rupicola_peruvianus,P121006,Lice.Genus,Cotingacola
Cotingidae,Cotingidae,Rupicola peruvianus,Rupicola peruvianus,0,ground-understory,lowland_iquitos,Rupicola_peruvianus,SP120642,Lice.Genus,Cotingacola
Cotingidae,Cotingidae,Rupicola peruvianus,Rupicola peruvianus,0,ground-understory,lowland_iquitos,Rupicola_peruvianus,SP120665,Lice.Genus,Cotingacola
Cotingidae,Cotingidae,Rupicola peruvianus,Rupicola peruvianus,0,ground-understory,lowland_iquitos,Rupicola_peruvianus,SP120678,Lice.Genus,Cotingacola
Cotingidae,Cotingidae,Rupicola peruvianus,Rupicola peruvianus,0,ground-understory,lowland_iquitos,Rupicola_peruvianus,SP120797,Lice.Genus,Cotingacola
Cotingidae,Cotingidae,Rupicola peruvianus,Rupicola peruvianus,0,ground-understory,lowland_iquitos,Rupicola_peruvianus,SP120819,Lice.Genus,Cotingacola
Cotingidae,Cotingidae,Rupicola peruvianus,Rupicola peruvianus,0,ground-understory,lowland_iquitos,Rupicola_peruvianus,SP121234,Lice.Genus,Cotingacola
Cotingidae,Cotingidae,Rupicola peruvianus,Rupicola peruvianus,0,ground-understory,lowland_iquitos,Rupicola_peruvianus,SP121319,Lice.Genus,Cotingacola
Tyrannidae,Tyrannidae,Rhytipterna simplex,Rhytipterna simplex,0,ground-understory,lowland_iquitos,Rhytipterna_simplex,P116303,Lice.Genus,Menacanthus?
Tyrannidae,Tyrannidae,Rhytipterna simplex,Rhytipterna simplex,0,ground-understory,lowland_iquitos,Rhytipterna_simplex,P130002,Lice.Genus,Philopteridae
Thamnophilidae,Thamnophilidae,Rhegmatorhina melanosticta,Rhegmatorhina melanosticta,0,ground,lowland_iquitos,Rhegmatorhina_melanosticta,P116218,Lice.Genus,Myrsidea
Thamnophilidae,Thamnophilidae,Rhegmatorhina melanosticta,Rhegmatorhina melanosticta,0,ground,lowland_iquitos,Rhegmatorhina_melanosticta,P116220,Lice.Genus,Ricinus
Thamnophilidae,Thamnophilidae,Rhegmatorhina melanosticta,Rhegmatorhina melanosticta,0,ground,lowland_iquitos,Rhegmatorhina_melanosticta,P116222,Lice.Genus,Ricinus
Tyrannidae,Tyrannidae,Ramphotrigon ruficauda,Ramphotrigon ruficauda,0,ground-understory,lowland_iquitos,Ramphotrigon_ruficauda,V451,Lice.Genus,Myrsidea
Tyrannidae,Tyrannidae,Ramphotrigon ruficauda,Ramphotrigon ruficauda,0,ground-understory,lowland_iquitos,Ramphotrigon_ruficauda,V451,Lice.Genus2,Philopteridae
Ramphastidae,Ramphastidae,Ramphastos tucanus,Ramphastos tucanus,0,canopy,lowland_iquitos,Ramphastos_tucanus,P115997,Lice.Genus,Myrsidea
"Tyrannidae
",Tyrannidae,Pyrrhomyias cinnamomeus,Pyrrhomyias cinnamomeus,1,understory,lowland_iquitos,Pyrrhomyias_cinnamomeus,W130753,Lice.Genus,Brueelia?
Icteridae,Icteridae,Psarocolius angustifrons,Psarocolius angustifrons,0,canopy,lowland_iquitos,Psarocolius_angustifrons,P110060,Lice.Genus,Myrsidea?
Furnariidae,Furnariidae,Premnoplex brunnescens,Premnoplex brunnescens,1,understory,lowland_iquitos,Premnoplex_brunnescens,SP120101,Lice.Genus,Rallicola
Furnariidae,Furnariidae,Premnoplex brunnescens,Premnoplex brunnescens,1,understory,lowland_iquitos,Premnoplex_brunnescens,SP120998,Lice.Genus,Rallicola?
Furnariidae,Furnariidae,Premnoplex brunnescens,Premnoplex brunnescens,1,understory,lowland_iquitos,Premnoplex_brunnescens,SP121023,Lice.Genus,Rallicola?
Cotingidae,Cotingidae,Pipreola intermedia,Pipreola intermedia,1,ground-understory,lowland_iquitos,Pipreola_intermedia,W121017,Lice.Genus,Menacanthus
Cotingidae,Cotingidae,Pipreola intermedia,Pipreola intermedia,1,ground-understory,lowland_iquitos,Pipreola_intermedia,W121018,Lice.Genus,Philopteridae?
Cotingidae,Cotingidae,Pipreola arcuata,Pipreola arcuata,0,ground-understory,lowland_iquitos,Pipreola_arcuata,W120617,Lice.Genus,Pseudocophorus
Cotingidae,Cotingidae,Pipreola arcuata,Pipreola arcuata,0,ground-understory,lowland_iquitos,Pipreola_arcuata,W120650,Lice.Genus,Pseudocophorus
Cotingidae,Cotingidae,Pipreola arcuata,Pipreola arcuata,0,ground-understory,lowland_iquitos,Pipreola_arcuata,W120717,Lice.Genus,Pseudocophorus
Cotingidae,Cotingidae,Pipreola arcuata,Pipreola arcuata,0,ground-understory,lowland_iquitos,Pipreola_arcuata,W120722,Lice.Genus,Pseudocophorus
Cotingidae,Cotingidae,Pipreola arcuata,Pipreola arcuata,0,ground-understory,lowland_iquitos,Pipreola_arcuata,W120737,Lice.Genus,Pseudocophorus
Cotingidae,Cotingidae,Pipreola arcuata,Pipreola arcuata,0,ground-understory,lowland_iquitos,Pipreola_arcuata,W130408,Lice.Genus,Pseudocophorus?
Pipridae,Pipridae,Pipra fasciicauda,Pipra fasciicauda,1,ground-understory,lowland_iquitos,Pipra_fasciicauda,P110098,Lice.Genus,Myrsidea
Pipridae,Pipridae,Pipra fasciicauda,Pipra fasciicauda,1,ground-understory,lowland_iquitos,Pipra_fasciicauda,P110133,Lice.Genus,Myrsidea
Pipridae,Pipridae,Pipra fasciicauda,Pipra fasciicauda,1,ground-understory,lowland_iquitos,Pipra_fasciicauda,P110228,Lice.Genus,Myrsidea
Pipridae,Pipridae,Pipra fasciicauda,Pipra fasciicauda,1,ground-understory,lowland_iquitos,Pipra_fasciicauda,P110320,Lice.Genus,Myrsidea
Pipridae,Pipridae,Pipra fasciicauda,Pipra fasciicauda,1,ground-understory,lowland_iquitos,Pipra_fasciicauda,P110368,Lice.Genus,Myrsidea
Pipridae,Pipridae,Pipra fasciicauda,Pipra fasciicauda,1,ground-understory,lowland_iquitos,Pipra_fasciicauda,P115952,Lice.Genus,Myrsidea
Pipridae,Pipridae,Pipra fasciicauda,Pipra fasciicauda,1,ground-understory,lowland_iquitos,Pipra_fasciicauda,P116012,Lice.Genus,Myrsidea
Pipridae,Pipridae,Pipra fasciicauda,Pipra fasciicauda,1,ground-understory,lowland_iquitos,Pipra_fasciicauda,P110124,Lice.Genus,Myrsidea
Pipridae,Pipridae,Pipra fasciicauda,Pipra fasciicauda,1,ground-understory,lowland_iquitos,Pipra_fasciicauda,P116121,Lice.Genus,Myrsidea
Pipridae,Pipridae,Pipra fasciicauda,Pipra fasciicauda,1,ground-understory,lowland_iquitos,Pipra_fasciicauda,P116111,Lice.Genus,Myrsidea
Pipridae,Pipridae,Pipra fasciicauda,Pipra fasciicauda,1,ground-understory,lowland_iquitos,Pipra_fasciicauda,P116022,Lice.Genus,Myrsidea
Pipridae,Pipridae,Pipra fasciicauda,Pipra fasciicauda,1,ground-understory,lowland_iquitos,Pipra_fasciicauda,P110028,Lice.Genus,Myrsidea
Pipridae,Pipridae,Pipra fasciicauda,Pipra fasciicauda,1,ground-understory,lowland_iquitos,Pipra_fasciicauda,P110090,Lice.Genus,Philopteridae
Pipridae,Pipridae,Pipra fasciicauda,Pipra fasciicauda,1,ground-understory,lowland_iquitos,Pipra_fasciicauda,P116014,Lice.Genus,Philopteridae
Pipridae,Pipridae,Pipra fasciicauda,Pipra fasciicauda,1,ground-understory,lowland_iquitos,Pipra_fasciicauda,P110324,Lice.Genus,Philopterus-like
Pipridae,Pipridae,Pipra fasciicauda,Pipra fasciicauda,1,ground-understory,lowland_iquitos,Pipra_fasciicauda,P110193,Lice.Genus,Philopterus-like
Pipridae,Pipridae,Pipra fasciicauda,Pipra fasciicauda,1,ground-understory,lowland_iquitos,Pipra_fasciicauda,P115964,Lice.Genus,Philopterus-like
Pipridae,Pipridae,Pipra fasciicauda,Pipra fasciicauda,1,ground-understory,lowland_iquitos,Pipra_fasciicauda,P110103,Lice.Genus,Ricinus
Pipridae,Pipridae,Pipra fasciicauda,Pipra fasciicauda,1,ground-understory,lowland_iquitos,Pipra_fasciicauda,P115956,Lice.Genus,Ricinus
Pipridae,Pipridae,Pipra fasciicauda,Pipra fasciicauda,1,ground-understory,lowland_iquitos,Pipra_fasciicauda,P116012,Lice.Genus2,Philopteridae
Pipridae,Pipridae,Pipra fasciicauda,Pipra fasciicauda,1,ground-understory,lowland_iquitos,Pipra_fasciicauda,P110124,Lice.Genus2,Philopterus-like
Pipridae,Pipridae,Pipra fasciicauda,Pipra fasciicauda,1,ground-understory,lowland_iquitos,Pipra_fasciicauda,P116121,Lice.Genus2,Philopterus-like
Pipridae,Pipridae,Pipra fasciicauda,Pipra fasciicauda,1,ground-understory,lowland_iquitos,Pipra_fasciicauda,P116111,Lice.Genus2,Philopterus-like
Pipridae,Pipridae,Pipra fasciicauda,Pipra fasciicauda,1,ground-understory,lowland_iquitos,Pipra_fasciicauda,P116022,Lice.Genus2,Ricinus
Pipridae,Pipridae,Pipra fasciicauda,Pipra fasciicauda,1,ground-understory,lowland_iquitos,Pipra_fasciicauda,P116014,Lice.Genus2,Myrsidea
Pipridae,Pipridae,Pipra fasciicauda,Pipra fasciicauda,1,ground-understory,lowland_iquitos,Pipra_fasciicauda,P110193,Lice.Genus2,Myrsidea
Pipridae,Pipridae,Pipra fasciicauda,Pipra fasciicauda,1,ground-understory,lowland_iquitos,Pipra_fasciicauda,P115964,Lice.Genus2,Myrsidea
Pipridae,Pipridae,Pipra fasciicauda,Pipra fasciicauda,1,ground-understory,lowland_iquitos,Pipra_fasciicauda,P116012,Lice.Genus3,unknown eggs
Pipridae,Pipridae,Pipra fasciicauda,Pipra fasciicauda,1,ground-understory,lowland_iquitos,Pipra_fasciicauda,P116111,Lice.Genus3,Ricinus
Pipridae,Pipridae,Ceratopipra chloromeros,Pipra chloromeros,1,ground-understory,lowland_iquitos,Pipra_chloromeros,P110357,Lice.Genus,Myrsidea
Pipridae,Pipridae,Ceratopipra chloromeros,Pipra chloromeros,1,ground-understory,lowland_iquitos,Pipra_chloromeros,P116054,Lice.Genus,Myrsidea
Pipridae,Pipridae,Ceratopipra chloromeros,Pipra chloromeros,1,ground-understory,lowland_iquitos,Pipra_chloromeros,P110360,Lice.Genus,Myrsidea
Pipridae,Pipridae,Ceratopipra chloromeros,Pipra chloromeros,1,ground-understory,lowland_iquitos,Pipra_chloromeros,P110034,Lice.Genus,Philopteridae
Pipridae,Pipridae,Ceratopipra chloromeros,Pipra chloromeros,1,ground-understory,lowland_iquitos,Pipra_chloromeros,P116171,Lice.Genus,Philopteridae
Pipridae,Pipridae,Ceratopipra chloromeros,Pipra chloromeros,1,ground-understory,lowland_iquitos,Pipra_chloromeros,P110122,Lice.Genus,Philopterus-like
Pipridae,Pipridae,Ceratopipra chloromeros,Pipra chloromeros,1,ground-understory,lowland_iquitos,Pipra_chloromeros,P110246,Lice.Genus,Ricinus
Pipridae,Pipridae,Ceratopipra chloromeros,Pipra chloromeros,1,ground-understory,lowland_iquitos,Pipra_chloromeros,P115955,Lice.Genus,Ricinus
Pipridae,Pipridae,Ceratopipra chloromeros,Pipra chloromeros,1,ground-understory,lowland_iquitos,Pipra_chloromeros,P110278,Lice.Genus,Ricinus
Pipridae,Pipridae,Ceratopipra chloromeros,Pipra chloromeros,1,ground-understory,lowland_iquitos,Pipra_chloromeros,P110357,Lice.Genus2,Philopterus-like
Pipridae,Pipridae,Ceratopipra chloromeros,Pipra chloromeros,1,ground-understory,lowland_iquitos,Pipra_chloromeros,P116054,Lice.Genus2,Philopterus-like
Pipridae,Pipridae,Ceratopipra chloromeros,Pipra chloromeros,1,ground-understory,lowland_iquitos,Pipra_chloromeros,P110360,Lice.Genus2,Ricinus
Pipridae,Pipridae,Ceratopipra chloromeros,Pipra chloromeros,1,ground-understory,lowland_iquitos,Pipra_chloromeros,P110122,Lice.Genus2,Myrsidea
Pipridae,Pipridae,Ceratopipra chloromeros,Pipra chloromeros,1,ground-understory,lowland_iquitos,Pipra_chloromeros,P110246,Lice.Genus2,Myrsidea
Pipridae,Pipridae,Ceratopipra chloromeros,Pipra chloromeros,1,ground-understory,lowland_iquitos,Pipra_chloromeros,P115955,Lice.Genus2,Myrsidea
Pipridae,Pipridae,Ceratopipra chloromeros,Pipra chloromeros,1,ground-understory,lowland_iquitos,Pipra_chloromeros,P110278,Lice.Genus2,Myrsidea
Pipridae,Pipridae,Ceratopipra chloromeros,Pipra chloromeros,1,ground-understory,lowland_iquitos,Pipra_chloromeros,P110278,Lice.Genus3,Philopterus-like
Tyrannidae,Tyrannidae,Phylloscartes ophthalmicus,Phylloscartes ophthalmicus,1,midhigh,lowland_iquitos,Phylloscartes_ophthalmicus,SP120068,Lice.Genus,Myrsidea
Tyrannidae,Tyrannidae,Phylloscartes ophthalmicus,Phylloscartes ophthalmicus,1,midhigh,lowland_iquitos,Phylloscartes_ophthalmicus,SP121322,Lice.Genus,Myrsidea
Tyrannidae,Tyrannidae,Phylloscartes ophthalmicus,Phylloscartes ophthalmicus,1,midhigh,lowland_iquitos,Phylloscartes_ophthalmicus,SP121333,Lice.Genus,Philopteridae?
Thamnophilidae,Thamnophilidae,Phlegopsis nigromaculata,Phlegopsis nigromaculata,0,ground,lowland_iquitos,Phlegopsis_nigromaculata,P115925,Lice.Genus,Myrsidea
"Furnariidae
",Furnariidae,Dendroma rufa,Philydor rufum,0,canopy,lowland_iquitos,Philydor_rufum,P116034,Lice.Genus,Myrsidea
Thamnophilidae,Thamnophilidae,Myrmoborus lophotes,Percnostola lophotes,1,ground-understory,lowland_iquitos,Percnostola_lophotes,P116116,Lice.Genus,Formicaphagus
Tityridae,Tyrannidae,Onychorhynchus coronatus,Onychorhynchus coronatus,0,midhigh,lowland_iquitos,Onychorhynchus_coronatus,V692,Lice.Genus,Philopterus
Thamnophilidae,Thamnophilidae,Myrmotherula axillaris,Myrmotherula axillaris,1,midhigh,lowland_iquitos,Myrmotherula_axillaris,P116078,Lice.Genus,Ricinus
Thamnophilidae,Thamnophilidae,Myrmotherula axillaris,Myrmotherula axillaris,1,midhigh,lowland_iquitos,Myrmotherula_axillaris,P116259,Lice.Genus,Ricinus
Thamnophilidae,Thamnophilidae,Myrmoborus myotherinus,Myrmoborus myotherinus,1,ground-understory,lowland_iquitos,Myrmoborus_myotherinus,V400,Lice.Genus,Myrsidea
Thamnophilidae,Thamnophilidae,Myrmoborus myotherinus,Myrmoborus myotherinus,1,ground-understory,lowland_iquitos,Myrmoborus_myotherinus,V408,Lice.Genus,Myrsidea
Thamnophilidae,Thamnophilidae,Myrmoborus myotherinus,Myrmoborus myotherinus,1,ground-understory,lowland_iquitos,Myrmoborus_myotherinus,P116149,Lice.Genus,Philopteridae
Thamnophilidae,Thamnophilidae,Myrmoborus myotherinus,Myrmoborus myotherinus,1,ground-understory,lowland_iquitos,Myrmoborus_myotherinus,M826,Lice.Genus,Philopteridae?
Thamnophilidae,Thamnophilidae,Myrmoborus myotherinus,Myrmoborus myotherinus,1,ground-understory,lowland_iquitos,Myrmoborus_myotherinus,P116030,Lice.Genus,Philopterus like?
Thamnophilidae,Thamnophilidae,Sciaphylax hemimelaena,Myrmeciza hemimelaena,0,ground-understory,lowland_iquitos,Myrmeciza_hemimelaena,P116206,Lice.Genus,Ricinus
Thamnophilidae,Thamnophilidae,Akletos goeldii,Myrmeciza goeldii,1,ground-understory,lowland_iquitos,Myrmeciza_goeldii,P120629,Lice.Genus,Myrsidea
Thamnophilidae,Thamnophilidae,Akletos goeldii,Myrmeciza goeldii,1,ground-understory,lowland_iquitos,Myrmeciza_goeldii,P115991,Lice.Genus,Myrsidea
Thamnophilidae,Thamnophilidae,Akletos goeldii,Myrmeciza goeldii,1,ground-understory,lowland_iquitos,Myrmeciza_goeldii,P115940,Lice.Genus,Philopteridae
Thamnophilidae,Thamnophilidae,Akletos goeldii,Myrmeciza goeldii,1,ground-understory,lowland_iquitos,Myrmeciza_goeldii,P120612,Lice.Genus,Philopterus-like
Thamnophilidae,Thamnophilidae,Akletos goeldii,Myrmeciza goeldii,1,ground-understory,lowland_iquitos,Myrmeciza_goeldii,P115991,Lice.Genus2,Philopteridae
Thamnophilidae,Thamnophilidae,Akletos goeldii,Myrmeciza goeldii,1,ground-understory,lowland_iquitos,Myrmeciza_goeldii,P115940,Lice.Genus2,Myrsidea
Thamnophilidae,Thamnophilidae,Hafferia fortis,Myrmeciza fortis,1,ground,lowland_iquitos,Myrmeciza_fortis,1007,Lice.Genus,Myrsidea
Thamnophilidae,Thamnophilidae,Hafferia fortis,Myrmeciza fortis,1,ground,lowland_iquitos,Myrmeciza_fortis,M851,Lice.Genus,Myrsidea
Thamnophilidae,Thamnophilidae,Hafferia fortis,Myrmeciza fortis,1,ground,lowland_iquitos,Myrmeciza_fortis,P116155,Lice.Genus,Myrsidea
Parulidae,Parulidae,Myioborus miniatus,Myioborus miniatus,1,midhigh,lowland_iquitos,Myioborus_miniatus,SP121362,Lice.Genus,Menoponidae
"Parulidae
",Parulidae,Myioborus melanocephalus,Myioborus melanocephalus,1,canopy,lowland_iquitos,Myioborus_melanocephalus,W121161,Lice.Genus,Menoponidae
Momotidae,Momotidae,Momotus momota,Momotus momota,0,ground-understory,lowland_iquitos,Momotus_momota,P110042,Lice.Genus,Brueelia
Tyrannidae,Tyrannidae,Mionectes olivaceus,Mionectes olivaceus,1,understory,lowland_iquitos,Mionectes_olivaceus,P110094,Lice.Genus,Myrsidea
Tyrannidae,Tyrannidae,Mionectes olivaceus,Mionectes olivaceus,1,understory,lowland_iquitos,Mionectes_olivaceus,P110243,Lice.Genus,Myrsidea
Tyrannidae,Tyrannidae,Mionectes olivaceus,Mionectes olivaceus,1,understory,lowland_iquitos,Mionectes_olivaceus,P115919,Lice.Genus,Myrsidea
Tyrannidae,Tyrannidae,Mionectes olivaceus,Mionectes olivaceus,1,understory,lowland_iquitos,Mionectes_olivaceus,P116068,Lice.Genus,Myrsidea
Tyrannidae,Tyrannidae,Mionectes olivaceus,Mionectes olivaceus,1,understory,lowland_iquitos,Mionectes_olivaceus,P116110,Lice.Genus,Myrsidea
Tyrannidae,Tyrannidae,Mionectes olivaceus,Mionectes olivaceus,1,understory,lowland_iquitos,Mionectes_olivaceus,P116183,Lice.Genus,Myrsidea
Tyrannidae,Tyrannidae,Mionectes olivaceus,Mionectes olivaceus,1,understory,lowland_iquitos,Mionectes_olivaceus,P116186,Lice.Genus,Myrsidea
Tyrannidae,Tyrannidae,Mionectes olivaceus,Mionectes olivaceus,1,understory,lowland_iquitos,Mionectes_olivaceus,P116233,Lice.Genus,Myrsidea
Tyrannidae,Tyrannidae,Mionectes olivaceus,Mionectes olivaceus,1,understory,lowland_iquitos,Mionectes_olivaceus,P116441,Lice.Genus,Myrsidea
Tyrannidae,Tyrannidae,Mionectes olivaceus,Mionectes olivaceus,1,understory,lowland_iquitos,Mionectes_olivaceus,P116485,Lice.Genus,Myrsidea
Tyrannidae,Tyrannidae,Mionectes olivaceus,Mionectes olivaceus,1,understory,lowland_iquitos,Mionectes_olivaceus,P116487,Lice.Genus,Myrsidea
Tyrannidae,Tyrannidae,Mionectes olivaceus,Mionectes olivaceus,1,understory,lowland_iquitos,Mionectes_olivaceus,P130372,Lice.Genus,Myrsidea
Tyrannidae,Tyrannidae,Mionectes olivaceus,Mionectes olivaceus,1,understory,lowland_iquitos,Mionectes_olivaceus,SP121114,Lice.Genus,Myrsidea
Tyrannidae,Tyrannidae,Mionectes olivaceus,Mionectes olivaceus,1,understory,lowland_iquitos,Mionectes_olivaceus,SP121171,Lice.Genus,Myrsidea
Tyrannidae,Tyrannidae,Mionectes olivaceus,Mionectes olivaceus,1,understory,lowland_iquitos,Mionectes_olivaceus,SP121239,Lice.Genus,Myrsidea
Tyrannidae,Tyrannidae,Mionectes olivaceus,Mionectes olivaceus,1,understory,lowland_iquitos,Mionectes_olivaceus,VC120088,Lice.Genus,Myrsidea
Tyrannidae,Tyrannidae,Mionectes olivaceus,Mionectes olivaceus,1,understory,lowland_iquitos,Mionectes_olivaceus,VC120089,Lice.Genus,Myrsidea
Tyrannidae,Tyrannidae,Mionectes olivaceus,Mionectes olivaceus,1,understory,lowland_iquitos,Mionectes_olivaceus,VC120108,Lice.Genus,Myrsidea
Tyrannidae,Tyrannidae,Mionectes oleagineus,Mionectes oleagineus,1,ground-understory,lowland_iquitos,Mionectes_oleagineus,2103,Lice.Genus,Myrsidea
Tyrannidae,Tyrannidae,Mionectes oleagineus,Mionectes oleagineus,1,ground-understory,lowland_iquitos,Mionectes_oleagineus,M625,Lice.Genus,Myrsidea
Tyrannidae,Tyrannidae,Mionectes oleagineus,Mionectes oleagineus,1,ground-understory,lowland_iquitos,Mionectes_oleagineus,P110185,Lice.Genus,Myrsidea
Tyrannidae,Tyrannidae,Mionectes oleagineus,Mionectes oleagineus,1,ground-understory,lowland_iquitos,Mionectes_oleagineus,P115958,Lice.Genus,Myrsidea
Tyrannidae,Tyrannidae,Mionectes oleagineus,Mionectes oleagineus,1,ground-understory,lowland_iquitos,Mionectes_oleagineus,P116148,Lice.Genus,Myrsidea
Tyrannidae,Tyrannidae,Mionectes oleagineus,Mionectes oleagineus,1,ground-understory,lowland_iquitos,Mionectes_oleagineus,V91,Lice.Genus,Myrsidea
Tyrannidae,Tyrannidae,Mionectes oleagineus,Mionectes oleagineus,1,ground-understory,lowland_iquitos,Mionectes_oleagineus,P110312,Lice.Genus,Myrsidea
Tyrannidae,Tyrannidae,Mionectes oleagineus,Mionectes oleagineus,1,ground-understory,lowland_iquitos,Mionectes_oleagineus,3808,Lice.Genus,Rallicola
Tyrannidae,Tyrannidae,Mionectes oleagineus,Mionectes oleagineus,1,ground-understory,lowland_iquitos,Mionectes_oleagineus,P110312,Lice.Genus2,Philopteridae
Tyrannidae,Tyrannidae,Mionectes macconnelli,Mionectes macconnelli,1,midhigh,lowland_iquitos,Mionectes_macconnelli,P110055,Lice.Genus,Myrsidea
Tyrannidae,Tyrannidae,Mionectes macconnelli,Mionectes macconnelli,1,midhigh,lowland_iquitos,Mionectes_macconnelli,P110138,Lice.Genus,Myrsidea
Tyrannidae,Tyrannidae,Mionectes macconnelli,Mionectes macconnelli,1,midhigh,lowland_iquitos,Mionectes_macconnelli,P110192,Lice.Genus,Myrsidea
Tyrannidae,Tyrannidae,Mionectes macconnelli,Mionectes macconnelli,1,midhigh,lowland_iquitos,Mionectes_macconnelli,P115906,Lice.Genus,Myrsidea
Tyrannidae,Tyrannidae,Mionectes macconnelli,Mionectes macconnelli,1,midhigh,lowland_iquitos,Mionectes_macconnelli,P115944,Lice.Genus,Myrsidea
Tyrannidae,Tyrannidae,Mionectes macconnelli,Mionectes macconnelli,1,midhigh,lowland_iquitos,Mionectes_macconnelli,P115959,Lice.Genus,Myrsidea
Tyrannidae,Tyrannidae,Mionectes macconnelli,Mionectes macconnelli,1,midhigh,lowland_iquitos,Mionectes_macconnelli,P116004,Lice.Genus,Myrsidea
Tyrannidae,Tyrannidae,Mionectes macconnelli,Mionectes macconnelli,1,midhigh,lowland_iquitos,Mionectes_macconnelli,P116019,Lice.Genus,Myrsidea
Tyrannidae,Tyrannidae,Mionectes macconnelli,Mionectes macconnelli,1,midhigh,lowland_iquitos,Mionectes_macconnelli,P116094,Lice.Genus,Myrsidea
Tyrannidae,Tyrannidae,Mionectes macconnelli,Mionectes macconnelli,1,midhigh,lowland_iquitos,Mionectes_macconnelli,P116112,Lice.Genus,Myrsidea
Tyrannidae,Tyrannidae,Mionectes macconnelli,Mionectes macconnelli,1,midhigh,lowland_iquitos,Mionectes_macconnelli,P115960,Lice.Genus,Myrsidea
Tyrannidae,Tyrannidae,Mionectes macconnelli,Mionectes macconnelli,1,midhigh,lowland_iquitos,Mionectes_macconnelli,P110399,Lice.Genus,Philopteridae
Tyrannidae,Tyrannidae,Mionectes macconnelli,Mionectes macconnelli,1,midhigh,lowland_iquitos,Mionectes_macconnelli,P110420,Lice.Genus,unknown eggs
Tyrannidae,Tyrannidae,Mionectes macconnelli,Mionectes macconnelli,1,midhigh,lowland_iquitos,Mionectes_macconnelli,P115960,Lice.Genus2,Menoponidae
Tyrannidae,Tyrannidae,Mionectes macconnelli,Mionectes macconnelli,1,midhigh,lowland_iquitos,Mionectes_macconnelli,P110420,Lice.Genus2,Philopteridae
Bucconidae,Bucconidae,Micromonacha lanceolata,Micromonacha lanceolata,0,ground-understory,lowland_iquitos,Micromonacha_lanceolata,1582,Lice.Genus,Brueelia?
Pipridae,Pipridae,Manacus manacus,Manacus manacus,0,understory,lowland_iquitos,Manacus_manacus,897,Lice.Genus,Myrsidea
Pipridae,Pipridae,Manacus manacus,Manacus manacus,0,understory,lowland_iquitos,Manacus_manacus,V90,Lice.Genus,Philopterus
Pipridae,Pipridae,Manacus manacus,Manacus manacus,0,understory,lowland_iquitos,Manacus_manacus,890,Lice.Genus,Ricinus
Pipridae,Pipridae,Manacus manacus,Manacus manacus,0,understory,lowland_iquitos,Manacus_manacus,M866,Lice.Genus,Ricinus
Pipridae,Pipridae,Manacus manacus,Manacus manacus,0,understory,lowland_iquitos,Manacus_manacus,M867,Lice.Genus,Ricinus
Pipridae,Pipridae,Manacus manacus,Manacus manacus,0,understory,lowland_iquitos,Manacus_manacus,V808,Lice.Genus,Ricinus
Pipridae,Pipridae,Manacus manacus,Manacus manacus,0,understory,lowland_iquitos,Manacus_manacus,V90,Lice.Genus2,Ricinus
Bucconidae,Bucconidae,Malacoptila semicincta,Malacoptila semicincta,0,ground-understory,lowland_iquitos,Malacoptila_semicincta,P121372,Lice.Genus,Picicola?
Bucconidae,Bucconidae,Malacoptila fulvogularis,Malacoptila fulvogularis,1,ground-understory,lowland_iquitos,Malacoptila_fulvogularis,SP121189,Lice.Genus,Picicola?
Tyrannidae,Tyrannidae,Leptopogon superciliaris,Leptopogon superciliaris,1,midhigh,lowland_iquitos,Leptopogon_superciliaris,SP121038,Lice.Genus,Menoponidae?
Tyrannidae,Tyrannidae,Leptopogon superciliaris,Leptopogon superciliaris,1,midhigh,lowland_iquitos,Leptopogon_superciliaris,SP110044,Lice.Genus,Myrsidea
Tyrannidae,Tyrannidae,Leptopogon superciliaris,Leptopogon superciliaris,1,midhigh,lowland_iquitos,Leptopogon_superciliaris,SP110340,Lice.Genus,Myrsidea
Tyrannidae,Tyrannidae,Leptopogon superciliaris,Leptopogon superciliaris,1,midhigh,lowland_iquitos,Leptopogon_superciliaris,SP120662,Lice.Genus,Myrsidea
Tyrannidae,Tyrannidae,Leptopogon superciliaris,Leptopogon superciliaris,1,midhigh,lowland_iquitos,Leptopogon_superciliaris,SP120767,Lice.Genus,Myrsidea
Tyrannidae,Tyrannidae,Leptopogon superciliaris,Leptopogon superciliaris,1,midhigh,lowland_iquitos,Leptopogon_superciliaris,SP121091,Lice.Genus,Myrsidea
Tyrannidae,Tyrannidae,Leptopogon superciliaris,Leptopogon superciliaris,1,midhigh,lowland_iquitos,Leptopogon_superciliaris,SP120093,Lice.Genus,Philopterus s.l.?
"Tyrannidae
",Tyrannidae,Leptopogon amaurocephalus,Leptopogon amaurocephalus,1,ground-understory,lowland_iquitos,Leptopogon_amaurocephalus,P110129,Lice.Genus,Myrsidea
"Tyrannidae
",Tyrannidae,Leptopogon amaurocephalus,Leptopogon amaurocephalus,1,ground-understory,lowland_iquitos,Leptopogon_amaurocephalus,P110406,Lice.Genus,Myrsidea
"Tyrannidae
",Tyrannidae,Leptopogon amaurocephalus,Leptopogon amaurocephalus,1,ground-understory,lowland_iquitos,Leptopogon_amaurocephalus,P115912,Lice.Genus,Myrsidea
"Tyrannidae
",Tyrannidae,Leptopogon amaurocephalus,Leptopogon amaurocephalus,1,ground-understory,lowland_iquitos,Leptopogon_amaurocephalus,P116225,Lice.Genus,Myrsidea
"Tyrannidae
",Tyrannidae,Leptopogon amaurocephalus,Leptopogon amaurocephalus,1,ground-understory,lowland_iquitos,Leptopogon_amaurocephalus,P120659,Lice.Genus,Myrsidea
"Tyrannidae
",Tyrannidae,Leptopogon amaurocephalus,Leptopogon amaurocephalus,1,ground-understory,lowland_iquitos,Leptopogon_amaurocephalus,P121030,Lice.Genus,Myrsidea
"Tyrannidae
",Tyrannidae,Leptopogon amaurocephalus,Leptopogon amaurocephalus,1,ground-understory,lowland_iquitos,Leptopogon_amaurocephalus,P121606,Lice.Genus,Myrsidea
"Tyrannidae
",Tyrannidae,Leptopogon amaurocephalus,Leptopogon amaurocephalus,1,ground-understory,lowland_iquitos,Leptopogon_amaurocephalus,P120679,Lice.Genus,Philopteridae
Pipridae,Pipridae,Lepidothrix coronata,Lepidothrix coronata,1,ground-understory,lowland_iquitos,Lepidothrix_coronata,P110063,Lice.Genus,Philopteridae
Pipridae,Pipridae,Lepidothrix coronata,Lepidothrix coronata,1,ground-understory,lowland_iquitos,Lepidothrix_coronata,M884,Lice.Genus,Ricinus
Pipridae,Pipridae,Lepidothrix coronata,Lepidothrix coronata,1,ground-understory,lowland_iquitos,Lepidothrix_coronata,P116013,Lice.Genus,Ricinus
Pipridae,Pipridae,Lepidothrix coronata,Lepidothrix coronata,1,ground-understory,lowland_iquitos,Lepidothrix_coronata,P116013,Lice.Genus2,Philopteridae
"Tityridae
",Cotingidae,Laniocera hypopyrra,Laniocera hypopyrra,0,ground-understory,lowland_iquitos,Laniocera_hypopyrra,P116059,Lice.Genus,Cotingacola
"Tityridae
",Cotingidae,Laniocera hypopyrra,Laniocera hypopyrra,0,ground-understory,lowland_iquitos,Laniocera_hypopyrra,P116131,Lice.Genus,Cotingacola
Thraupidae,Thraupidae,Lanio versicolor,Lanio versicolor,1,canopy,lowland_iquitos,Lanio_versicolor,P115976,Lice.Genus,Myrsidea
Thraupidae,Thraupidae,Lanio versicolor,Lanio versicolor,1,canopy,lowland_iquitos,Lanio_versicolor,P116172,Lice.Genus,Myrsidea
Thraupidae,Thraupidae,Lanio versicolor,Lanio versicolor,1,canopy,lowland_iquitos,Lanio_versicolor,P116232,Lice.Genus,Myrsidea
Thraupidae,Thraupidae,Lanio versicolor,Lanio versicolor,1,canopy,lowland_iquitos,Lanio_versicolor,P130233,Lice.Genus,Myrsidea
"Thraupidae
",Thraupidae,Iridosornis jelskii,Iridosornis jelskii,1,understory,lowland_iquitos,Iridosornis_jelskii,W120412,Lice.Genus,Myrsidea
"Thraupidae
",Thraupidae,Iridosornis jelskii,Iridosornis jelskii,1,understory,lowland_iquitos,Iridosornis_jelskii,W130360,Lice.Genus,Myrsidea
"Thraupidae
",Thraupidae,Iridosornis jelskii,Iridosornis jelskii,1,understory,lowland_iquitos,Iridosornis_jelskii,W130637,Lice.Genus,Myrsidea
"Thraupidae
",Thraupidae,Iridosornis jelskii,Iridosornis jelskii,1,understory,lowland_iquitos,Iridosornis_jelskii,W130897,Lice.Genus,Myrsidea
"Thraupidae
",Thraupidae,Iridosornis jelskii,Iridosornis jelskii,1,understory,lowland_iquitos,Iridosornis_jelskii,W130898,Lice.Genus,Myrsidea
"Thraupidae
",Thraupidae,Iridosornis jelskii,Iridosornis jelskii,1,understory,lowland_iquitos,Iridosornis_jelskii,W130676,Lice.Genus,Philopteridae
"Thraupidae
",Thraupidae,Iridosornis jelskii,Iridosornis jelskii,1,understory,lowland_iquitos,Iridosornis_jelskii,W130676,Lice.Genus2,Myrsidea
Thraupidae,Thraupidae,Iridosornis analis,Iridosornis analis,1,understory,lowland_iquitos,Iridosornis_analis,TL120060,Lice.Genus,Myrsidea
Thraupidae,Thraupidae,Iridosornis analis,Iridosornis analis,1,understory,lowland_iquitos,Iridosornis_analis,TL120062,Lice.Genus,Myrsidea
Thamnophilidae,Thamnophilidae,Hylophylax naevius,Hylophylax naevius,0,understory,lowland_iquitos,Hylophylax_naevius,P130187,Lice.Genus,Myrsidea
Furnariidae,Furnariidae,Automolus subulatus,Hyloctistes subulatus,1,ground-understory,lowland_iquitos,Hyloctistes_subulatus,1036,Lice.Genus,Myrsidea
Thraupidae,Thraupidae,Sphenopsis melanotis,Hemispingus melanotis,1,understory,lowland_iquitos,Hemispingus_melanotis,SP110011,Lice.Genus,Myrsidea
Thraupidae,Thraupidae,Sphenopsis melanotis,Hemispingus melanotis,1,understory,lowland_iquitos,Hemispingus_melanotis,SP110028,Lice.Genus,Myrsidea
Thraupidae,Thraupidae,Sphenopsis melanotis,Hemispingus melanotis,1,understory,lowland_iquitos,Hemispingus_melanotis,SP121215,Lice.Genus,Myrsidea
"Thraupidae
",Thraupidae,Kleinothraupis atropileus,Hemispingus atropileus,1,understory,lowland_iquitos,Hemispingus_atropileus,W130453,Lice.Genus,Myrsidea
"Thraupidae
",Thraupidae,Kleinothraupis atropileus,Hemispingus atropileus,1,understory,lowland_iquitos,Hemispingus_atropileus,W121001,Lice.Genus,Philopteridae
"Thraupidae
",Thraupidae,Kleinothraupis atropileus,Hemispingus atropileus,1,understory,lowland_iquitos,Hemispingus_atropileus,W121044,Lice.Genus,Philopteridae
Thraupidae,Emberizidae,Haplospiza rustica,Haplospiza rustica,0,ground,lowland_iquitos,Haplospiza_rustica,W130850,Lice.Genus,Brueelia?
Cardinalidae,Cardinalidae,Habia rubica,Habia rubica,1,midhigh,lowland_iquitos,Habia_rubica,P110049,Lice.Genus,Myrsidea
Cardinalidae,Cardinalidae,Habia rubica,Habia rubica,1,midhigh,lowland_iquitos,Habia_rubica,P110069,Lice.Genus,Myrsidea
Cardinalidae,Cardinalidae,Habia rubica,Habia rubica,1,midhigh,lowland_iquitos,Habia_rubica,P116058,Lice.Genus,Myrsidea
Cardinalidae,Cardinalidae,Habia rubica,Habia rubica,1,midhigh,lowland_iquitos,Habia_rubica,P116085,Lice.Genus,Myrsidea
Cardinalidae,Cardinalidae,Habia rubica,Habia rubica,1,midhigh,lowland_iquitos,Habia_rubica,P120713,Lice.Genus,Myrsidea
Cardinalidae,Cardinalidae,Habia rubica,Habia rubica,1,midhigh,lowland_iquitos,Habia_rubica,P120913,Lice.Genus,Myrsidea
"Cardinalidae
",Cardinalidae,Habia rubica,Habia rubica,1,midhigh,lowland_iquitos,Habia_rubica,P110037,Lice.Genus,Myrsidea
Thamnophilidae,Thamnophilidae,Oneillornis salvini,Gymnopithys salvini,0,ground,lowland_iquitos,Gymnopithys_salvini,P116005,Lice.Genus,Myrsidea
Thamnophilidae,Thamnophilidae,Oneillornis salvini,Gymnopithys salvini,0,ground,lowland_iquitos,Gymnopithys_salvini,P116150,Lice.Genus,Myrsidea
Thamnophilidae,Thamnophilidae,Oneillornis salvini,Gymnopithys salvini,0,ground,lowland_iquitos,Gymnopithys_salvini,P116152,Lice.Genus,Myrsidea
Thamnophilidae,Thamnophilidae,Oneillornis salvini,Gymnopithys salvini,0,ground,lowland_iquitos,Gymnopithys_salvini,P130180,Lice.Genus,Myrsidea
Thamnophilidae,Thamnophilidae,Oneillornis salvini,Gymnopithys salvini,0,ground,lowland_iquitos,Gymnopithys_salvini,P130298,Lice.Genus,Myrsidea
Thamnophilidae,Thamnophilidae,Oneillornis salvini,Gymnopithys salvini,0,ground,lowland_iquitos,Gymnopithys_salvini,P121755,Lice.Genus,Myrsidea
Thamnophilidae,Thamnophilidae,Oneillornis salvini,Gymnopithys salvini,0,ground,lowland_iquitos,Gymnopithys_salvini,P116151,Lice.Genus,Myrsidea
Thamnophilidae,Thamnophilidae,Oneillornis salvini,Gymnopithys salvini,0,ground,lowland_iquitos,Gymnopithys_salvini,P130182,Lice.Genus,Myrsidea
Thamnophilidae,Thamnophilidae,Oneillornis salvini,Gymnopithys salvini,0,ground,lowland_iquitos,Gymnopithys_salvini,P110256,Lice.Genus,Ricinus
Thamnophilidae,Thamnophilidae,Oneillornis salvini,Gymnopithys salvini,0,ground,lowland_iquitos,Gymnopithys_salvini,P130155,Lice.Genus,Ricinus
Thamnophilidae,Thamnophilidae,Oneillornis salvini,Gymnopithys salvini,0,ground,lowland_iquitos,Gymnopithys_salvini,P121755,Lice.Genus2,Menoponidae
Thamnophilidae,Thamnophilidae,Oneillornis salvini,Gymnopithys salvini,0,ground,lowland_iquitos,Gymnopithys_salvini,P116151,Lice.Genus2,Ricinus
Thamnophilidae,Thamnophilidae,Oneillornis salvini,Gymnopithys salvini,0,ground,lowland_iquitos,Gymnopithys_salvini,P130182,Lice.Genus2,Ricinus
Thamnophilidae,Thamnophilidae,Oneillornis salvini,Gymnopithys salvini,0,ground,lowland_iquitos,Gymnopithys_salvini,P130155,Lice.Genus2,Myrsidea
Furnariidae,Dendrocolaptidae,Glyphorynchus spirurus,Glyphorynchus spirurus,1,canopy,lowland_iquitos,Glyphorynchus_spirurus,P116231,Lice.Genus,Myrsidea
Furnariidae,Dendrocolaptidae,Glyphorynchus spirurus,Glyphorynchus spirurus,1,canopy,lowland_iquitos,Glyphorynchus_spirurus,V33,Lice.Genus,Myrsidea
Furnariidae,Dendrocolaptidae,Glyphorynchus spirurus,Glyphorynchus spirurus,1,canopy,lowland_iquitos,Glyphorynchus_spirurus,1162,Lice.Genus,Myrsidea
Furnariidae,Dendrocolaptidae,Glyphorynchus spirurus,Glyphorynchus spirurus,1,canopy,lowland_iquitos,Glyphorynchus_spirurus,M877,Lice.Genus,Myrsidea
Furnariidae,Dendrocolaptidae,Glyphorynchus spirurus,Glyphorynchus spirurus,1,canopy,lowland_iquitos,Glyphorynchus_spirurus,1018,Lice.Genus,Rallicola
Furnariidae,Dendrocolaptidae,Glyphorynchus spirurus,Glyphorynchus spirurus,1,canopy,lowland_iquitos,Glyphorynchus_spirurus,1099,Lice.Genus,Rallicola
Furnariidae,Dendrocolaptidae,Glyphorynchus spirurus,Glyphorynchus spirurus,1,canopy,lowland_iquitos,Glyphorynchus_spirurus,1256,Lice.Genus,Rallicola
Furnariidae,Dendrocolaptidae,Glyphorynchus spirurus,Glyphorynchus spirurus,1,canopy,lowland_iquitos,Glyphorynchus_spirurus,892,Lice.Genus,Rallicola
Furnariidae,Dendrocolaptidae,Glyphorynchus spirurus,Glyphorynchus spirurus,1,canopy,lowland_iquitos,Glyphorynchus_spirurus,M493,Lice.Genus,Rallicola
Furnariidae,Dendrocolaptidae,Glyphorynchus spirurus,Glyphorynchus spirurus,1,canopy,lowland_iquitos,Glyphorynchus_spirurus,M499,Lice.Genus,Rallicola
Furnariidae,Dendrocolaptidae,Glyphorynchus spirurus,Glyphorynchus spirurus,1,canopy,lowland_iquitos,Glyphorynchus_spirurus,M513,Lice.Genus,Rallicola
Furnariidae,Dendrocolaptidae,Glyphorynchus spirurus,Glyphorynchus spirurus,1,canopy,lowland_iquitos,Glyphorynchus_spirurus,M515,Lice.Genus,Rallicola
Furnariidae,Dendrocolaptidae,Glyphorynchus spirurus,Glyphorynchus spirurus,1,canopy,lowland_iquitos,Glyphorynchus_spirurus,M517,Lice.Genus,Rallicola
Furnariidae,Dendrocolaptidae,Glyphorynchus spirurus,Glyphorynchus spirurus,1,canopy,lowland_iquitos,Glyphorynchus_spirurus,M519,Lice.Genus,Rallicola
Furnariidae,Dendrocolaptidae,Glyphorynchus spirurus,Glyphorynchus spirurus,1,canopy,lowland_iquitos,Glyphorynchus_spirurus,M549,Lice.Genus,Rallicola
Furnariidae,Dendrocolaptidae,Glyphorynchus spirurus,Glyphorynchus spirurus,1,canopy,lowland_iquitos,Glyphorynchus_spirurus,M651,Lice.Genus,Rallicola
Furnariidae,Dendrocolaptidae,Glyphorynchus spirurus,Glyphorynchus spirurus,1,canopy,lowland_iquitos,Glyphorynchus_spirurus,P121245,Lice.Genus,Rallicola
Furnariidae,Dendrocolaptidae,Glyphorynchus spirurus,Glyphorynchus spirurus,1,canopy,lowland_iquitos,Glyphorynchus_spirurus,P121359,Lice.Genus,Rallicola
Furnariidae,Dendrocolaptidae,Glyphorynchus spirurus,Glyphorynchus spirurus,1,canopy,lowland_iquitos,Glyphorynchus_spirurus,P130040,Lice.Genus,Rallicola
Furnariidae,Dendrocolaptidae,Glyphorynchus spirurus,Glyphorynchus spirurus,1,canopy,lowland_iquitos,Glyphorynchus_spirurus,V1229,Lice.Genus,Rallicola
Furnariidae,Dendrocolaptidae,Glyphorynchus spirurus,Glyphorynchus spirurus,1,canopy,lowland_iquitos,Glyphorynchus_spirurus,V1284,Lice.Genus,Rallicola
Furnariidae,Dendrocolaptidae,Glyphorynchus spirurus,Glyphorynchus spirurus,1,canopy,lowland_iquitos,Glyphorynchus_spirurus,V235,Lice.Genus,Rallicola
Furnariidae,Dendrocolaptidae,Glyphorynchus spirurus,Glyphorynchus spirurus,1,canopy,lowland_iquitos,Glyphorynchus_spirurus,V240,Lice.Genus,Rallicola
Furnariidae,Dendrocolaptidae,Glyphorynchus spirurus,Glyphorynchus spirurus,1,canopy,lowland_iquitos,Glyphorynchus_spirurus,V467,Lice.Genus,Rallicola
Furnariidae,Dendrocolaptidae,Glyphorynchus spirurus,Glyphorynchus spirurus,1,canopy,lowland_iquitos,Glyphorynchus_spirurus,V657,Lice.Genus,Rallicola
Furnariidae,Dendrocolaptidae,Glyphorynchus spirurus,Glyphorynchus spirurus,1,canopy,lowland_iquitos,Glyphorynchus_spirurus,V691,Lice.Genus,Rallicola
Furnariidae,Dendrocolaptidae,Glyphorynchus spirurus,Glyphorynchus spirurus,1,canopy,lowland_iquitos,Glyphorynchus_spirurus,V720,Lice.Genus,Rallicola
Furnariidae,Dendrocolaptidae,Glyphorynchus spirurus,Glyphorynchus spirurus,1,canopy,lowland_iquitos,Glyphorynchus_spirurus,1162,Lice.Genus2,Rallicola
Furnariidae,Dendrocolaptidae,Glyphorynchus spirurus,Glyphorynchus spirurus,1,canopy,lowland_iquitos,Glyphorynchus_spirurus,M877,Lice.Genus2,Rallicola
Columbidae,Columbidae,Geotrygon montana,Geotrygon montana,0,ground,lowland_iquitos,Geotrygon_montana,M574,Lice.Genus,Columbicola
Columbidae,Columbidae,Geotrygon montana,Geotrygon montana,0,ground,lowland_iquitos,Geotrygon_montana,V283,Lice.Genus,Columbicola
Columbidae,Columbidae,Geotrygon montana,Geotrygon montana,0,ground,lowland_iquitos,Geotrygon_montana,1138,Lice.Genus,Columbicola
Columbidae,Columbidae,Geotrygon montana,Geotrygon montana,0,ground,lowland_iquitos,Geotrygon_montana,V806,Lice.Genus,Columbicola
Columbidae,Columbidae,Geotrygon montana,Geotrygon montana,0,ground,lowland_iquitos,Geotrygon_montana,M556,Lice.Genus,Myrsidea
"Columbidae
",Columbidae,Geotrygon montana,Geotrygon montana,0,ground,lowland_iquitos,Geotrygon_montana,P110058,Lice.Genus,Columbicola
"Columbidae
",Columbidae,Geotrygon montana,Geotrygon montana,0,ground,lowland_iquitos,Geotrygon_montana,P110107,Lice.Genus,Columbicola
"Columbidae
",Columbidae,Geotrygon montana,Geotrygon montana,0,ground,lowland_iquitos,Geotrygon_montana,P110417,Lice.Genus,Philopteridae
"Columbidae
",Columbidae,Geotrygon montana,Geotrygon montana,0,ground,lowland_iquitos,Geotrygon_montana,P110057,Lice.Genus,Philopteridae
Columbidae,Columbidae,Geotrygon montana,Geotrygon montana,0,ground,lowland_iquitos,Geotrygon_montana,1138,Lice.Genus2,Physconelloides
Columbidae,Columbidae,Geotrygon montana,Geotrygon montana,0,ground,lowland_iquitos,Geotrygon_montana,V806,Lice.Genus2,Physconelloides
Columbidae,Columbidae,Geotrygon montana,Geotrygon montana,0,ground,lowland_iquitos,Geotrygon_montana,M556,Lice.Genus2,Physconelloides
"Columbidae
",Columbidae,Geotrygon montana,Geotrygon montana,0,ground,lowland_iquitos,Geotrygon_montana,P110107,Lice.Genus2,Hohorstiella?
"Columbidae
",Columbidae,Geotrygon montana,Geotrygon montana,0,ground,lowland_iquitos,Geotrygon_montana,P110057,Lice.Genus2,Columbicola
Galbulidae,Galbulidae,Galbula cyanescens,Galbula cyanescens,1,midhigh,lowland_iquitos,Galbula_cyanescens,P130765,Lice.Genus,Picicola
Formicariidae,Formicariidae,Formicarius rufipectus,Formicarius rufipectus,0,ground,lowland_iquitos,Formicarius_rufipectus,P120085,Lice.Genus,Formicaricola
Formicariidae,Formicariidae,Formicarius colma,Formicarius colma,0,ground,lowland_iquitos,Formicarius_colma,3678,Lice.Genus,Formicaricola
Formicariidae,Formicariidae,Formicarius colma,Formicarius colma,0,ground,lowland_iquitos,Formicarius_colma,857,Lice.Genus,Formicaricola
Formicariidae,Formicariidae,Formicarius colma,Formicarius colma,0,ground,lowland_iquitos,Formicarius_colma,V254,Lice.Genus,Formicaricola
Formicariidae,Formicariidae,Formicarius analis,Formicarius analis,0,ground,lowland_iquitos,Formicarius_analis,VC120112,Lice.Genus,Formicaricola
Fringillidae,Thraupidae,Euphonia xanthogaster,Euphonia xanthogaster,1,midhigh,lowland_iquitos,Euphonia_xanthogaster,V486,Lice.Genus,Myrsidea
Fringillidae,Thraupidae,Euphonia xanthogaster,Euphonia xanthogaster,1,midhigh,lowland_iquitos,Euphonia_xanthogaster,V789,Lice.Genus,Myrsidea
Thamnophilidae,Thamnophilidae,Epinecrophylla erythrura,Epinecrophylla erythrura,1,midhigh,lowland_iquitos,Epinecrophylla_erythrura,P110396,Lice.Genus,Myrsidea
Thraupidae,Thraupidae,Diglossa glauca,Diglossa glauca,1,ground-understory,lowland_iquitos,Diglossa_glauca,SP120070,Lice.Genus,Philopterus-like
Furnariidae,Dendrocolaptidae,Dendrocincla merula,Dendrocincla merula,1,ground-understory,lowland_iquitos,Dendrocincla_merula,M583,Lice.Genus,Rallicola
Furnariidae,Dendrocolaptidae,Dendrocincla merula,Dendrocincla merula,1,ground-understory,lowland_iquitos,Dendrocincla_merula,M619,Lice.Genus,Rallicola
Furnariidae,Dendrocolaptidae,Dendrocincla merula,Dendrocincla merula,1,ground-understory,lowland_iquitos,Dendrocincla_merula,1159,Lice.Genus,Rallicola?
Furnariidae,Dendrocolaptidae,Dendrocincla fuliginosa,Dendrocincla fuliginosa,1,ground-understory,lowland_iquitos,Dendrocincla_fuliginosa,M598,Lice.Genus,Rallicola
Furnariidae,Dendrocolaptidae,Dendrocincla fuliginosa,Dendrocincla fuliginosa,1,ground-understory,lowland_iquitos,Dendrocincla_fuliginosa,V285,Lice.Genus,Rallicola
Troglodytidae,Troglodytidae,Cyphorhinus thoracicus,Cyphorhinus thoracicus,0,ground,lowland_iquitos,Cyphorhinus_thoracicus,SP110094,Lice.Genus,Myrsidea
Troglodytidae,Troglodytidae,Cyphorhinus thoracicus,Cyphorhinus thoracicus,0,ground,lowland_iquitos,Cyphorhinus_thoracicus,SP110126,Lice.Genus,Myrsidea
Troglodytidae,Troglodytidae,Cyphorhinus thoracicus,Cyphorhinus thoracicus,0,ground,lowland_iquitos,Cyphorhinus_thoracicus,SP121001,Lice.Genus,Myrsidea
Troglodytidae,Troglodytidae,Cyphorhinus thoracicus,Cyphorhinus thoracicus,0,ground,lowland_iquitos,Cyphorhinus_thoracicus,SP121031,Lice.Genus,Myrsidea
Cardinalidae,Cardinalidae,Cyanoloxia cyanoides,Cyanocompsa cyanoides,1,ground,lowland_iquitos,Cyanocompsa_cyanoides,P130185,Lice.Genus,Myrsidea
Cardinalidae,Cardinalidae,Cyanoloxia cyanoides,Cyanocompsa cyanoides,1,ground,lowland_iquitos,Cyanocompsa_cyanoides,P130219,Lice.Genus,Myrsidea
Cardinalidae,Cardinalidae,Cyanoloxia cyanoides,Cyanocompsa cyanoides,1,ground,lowland_iquitos,Cyanocompsa_cyanoides,P116443,Lice.Genus,unknown louse 
Tyrannidae,Tyrannidae,Corythopis torquatus,Corythopis torquatus,0,ground,lowland_iquitos,Corythopis_torquatus,P130300,Lice.Genus,Philopteridae
"Tyrannidae
",Tyrannidae,Corythopis torquatus,Corythopis torquatus,0,ground,lowland_iquitos,Corythopis_torquatus,P130303,Lice.Genus,Myrsidea
"Tyrannidae
",Tyrannidae,Corythopis torquatus,Corythopis torquatus,0,ground,lowland_iquitos,Corythopis_torquatus,P130328,Lice.Genus,Myrsidea
Conopophagidae,Conopophagidae,Conopophaga peruviana,Conopophaga peruviana,1,ground,lowland_iquitos,Conopophaga_peruviana,P116082,Lice.Genus,Formicaphagus
Cardinalidae,Cardinalidae,Chlorothraupis carmioli,Chlorothraupis carmioli,1,ground-understory,lowland_iquitos,Chlorothraupis_carmioli,P116204,Lice.Genus,Myrsidea
Cardinalidae,Cardinalidae,Chlorothraupis carmioli,Chlorothraupis carmioli,1,ground-understory,lowland_iquitos,Chlorothraupis_carmioli,P116210,Lice.Genus,Myrsidea
Cardinalidae,Cardinalidae,Chlorothraupis carmioli,Chlorothraupis carmioli,1,ground-understory,lowland_iquitos,Chlorothraupis_carmioli,P116211,Lice.Genus,Myrsidea
Cardinalidae,Cardinalidae,Chlorothraupis carmioli,Chlorothraupis carmioli,1,ground-understory,lowland_iquitos,Chlorothraupis_carmioli,P116213,Lice.Genus,Myrsidea
"Cardinalidae
",Cardinalidae,Chlorothraupis carmioli,Chlorothraupis carmioli,1,ground-understory,lowland_iquitos,Chlorothraupis_carmioli,P130133,Lice.Genus,Myrsidea
"Cardinalidae
",Cardinalidae,Chlorothraupis carmioli,Chlorothraupis carmioli,1,ground-understory,lowland_iquitos,Chlorothraupis_carmioli,P130628,Lice.Genus,Myrsidea
Passerellidae,Thraupidae,Chlorospingus flavopectus,Chlorospingus ophthalmicus,1,ground-understory,lowland_iquitos,Chlorospingus_ophthalmicus,TL120016,Lice.Genus,Myrsidea
Passerellidae,Thraupidae,Chlorospingus flavopectus,Chlorospingus ophthalmicus,1,ground-understory,lowland_iquitos,Chlorospingus_ophthalmicus,TL120034,Lice.Genus,Myrsidea
Passerellidae,Thraupidae,Chlorospingus flavopectus,Chlorospingus ophthalmicus,1,ground-understory,lowland_iquitos,Chlorospingus_ophthalmicus,TL120033,Lice.Genus,Myrsidea
Passerellidae,Thraupidae,Chlorospingus flavopectus,Chlorospingus ophthalmicus,1,ground-understory,lowland_iquitos,Chlorospingus_ophthalmicus,TL120033,Lice.Genus2,Menoponidae?
Passerellidae,Thraupidae,Chlorospingus flavigularis,Chlorospingus flavigularis,1,understory,lowland_iquitos,Chlorospingus_flavigularis,SP110040,Lice.Genus,Myrsidea
Passerellidae,Thraupidae,Chlorospingus flavigularis,Chlorospingus flavigularis,1,understory,lowland_iquitos,Chlorospingus_flavigularis,SP110066,Lice.Genus,Myrsidea
Passerellidae,Thraupidae,Chlorospingus flavigularis,Chlorospingus flavigularis,1,understory,lowland_iquitos,Chlorospingus_flavigularis,SP110070,Lice.Genus,Myrsidea
Passerellidae,Thraupidae,Chlorospingus flavigularis,Chlorospingus flavigularis,1,understory,lowland_iquitos,Chlorospingus_flavigularis,SP110120,Lice.Genus,Myrsidea
Passerellidae,Thraupidae,Chlorospingus flavigularis,Chlorospingus flavigularis,1,understory,lowland_iquitos,Chlorospingus_flavigularis,SP120036,Lice.Genus,Myrsidea
Passerellidae,Thraupidae,Chlorospingus flavigularis,Chlorospingus flavigularis,1,understory,lowland_iquitos,Chlorospingus_flavigularis,SP120040,Lice.Genus,Myrsidea
Passerellidae,Thraupidae,Chlorospingus flavigularis,Chlorospingus flavigularis,1,understory,lowland_iquitos,Chlorospingus_flavigularis,SP120885,Lice.Genus,Myrsidea
Passerellidae,Thraupidae,Chlorospingus flavigularis,Chlorospingus flavigularis,1,understory,lowland_iquitos,Chlorospingus_flavigularis,SP120934,Lice.Genus,Myrsidea
Passerellidae,Thraupidae,Chlorospingus flavigularis,Chlorospingus flavigularis,1,understory,lowland_iquitos,Chlorospingus_flavigularis,SP120938,Lice.Genus,Myrsidea
Passerellidae,Thraupidae,Chlorospingus flavigularis,Chlorospingus flavigularis,1,understory,lowland_iquitos,Chlorospingus_flavigularis,SP120993,Lice.Genus,Myrsidea
Passerellidae,Thraupidae,Chlorospingus flavigularis,Chlorospingus flavigularis,1,understory,lowland_iquitos,Chlorospingus_flavigularis,SP110108,Lice.Genus,Myrsidea
Passerellidae,Thraupidae,Chlorospingus flavigularis,Chlorospingus flavigularis,1,understory,lowland_iquitos,Chlorospingus_flavigularis,SP110008,Lice.Genus,Myrsidea
Passerellidae,Thraupidae,Chlorospingus flavigularis,Chlorospingus flavigularis,1,understory,lowland_iquitos,Chlorospingus_flavigularis,SP110013,Lice.Genus,Myrsidea
Passerellidae,Thraupidae,Chlorospingus flavigularis,Chlorospingus flavigularis,1,understory,lowland_iquitos,Chlorospingus_flavigularis,SP120792,Lice.Genus,Myrsidea?
Passerellidae,Thraupidae,Chlorospingus flavigularis,Chlorospingus flavigularis,1,understory,lowland_iquitos,Chlorospingus_flavigularis,SP110108,Lice.Genus2,Philopteridae
Passerellidae,Thraupidae,Chlorospingus flavigularis,Chlorospingus flavigularis,1,understory,lowland_iquitos,Chlorospingus_flavigularis,SP110008,Lice.Genus2,Rallicola
Passerellidae,Thraupidae,Chlorospingus flavigularis,Chlorospingus flavigularis,1,understory,lowland_iquitos,Chlorospingus_flavigularis,SP110013,Lice.Genus2,Rallicola
Thraupidae,Thraupidae,Chlorornis riefferii,Chlorornis riefferii,1,midhigh,lowland_iquitos,Chlorornis_riefferii,W120791,Lice.Genus,Menacanthus?
Thraupidae,Thraupidae,Chlorornis riefferii,Chlorornis riefferii,1,midhigh,lowland_iquitos,Chlorornis_riefferii,TU120065,Lice.Genus,Myrsidea
Thraupidae,Thraupidae,Chlorornis riefferii,Chlorornis riefferii,1,midhigh,lowland_iquitos,Chlorornis_riefferii,W130255,Lice.Genus,Myrsidea
Thraupidae,Thraupidae,Chlorornis riefferii,Chlorornis riefferii,1,midhigh,lowland_iquitos,Chlorornis_riefferii,W130330,Lice.Genus,Myrsidea
Thraupidae,Thraupidae,Chlorornis riefferii,Chlorornis riefferii,1,midhigh,lowland_iquitos,Chlorornis_riefferii,W130677,Lice.Genus,Myrsidea
Thraupidae,Thraupidae,Chlorornis riefferii,Chlorornis riefferii,1,midhigh,lowland_iquitos,Chlorornis_riefferii,W130256,Lice.Genus,Myrsidea
Thraupidae,Thraupidae,Chlorornis riefferii,Chlorornis riefferii,1,midhigh,lowland_iquitos,Chlorornis_riefferii,W130700,Lice.Genus,Myrsidea
Thraupidae,Thraupidae,Chlorornis riefferii,Chlorornis riefferii,1,midhigh,lowland_iquitos,Chlorornis_riefferii,W130253,Lice.Genus,Philopteridae
Thraupidae,Thraupidae,Chlorornis riefferii,Chlorornis riefferii,1,midhigh,lowland_iquitos,Chlorornis_riefferii,W120791,Lice.Genus2,Myrsidea
Thraupidae,Thraupidae,Chlorornis riefferii,Chlorornis riefferii,1,midhigh,lowland_iquitos,Chlorornis_riefferii,W130256,Lice.Genus2,Philopteridae
Thraupidae,Thraupidae,Chlorornis riefferii,Chlorornis riefferii,1,midhigh,lowland_iquitos,Chlorornis_riefferii,W130700,Lice.Genus2,Philopteridae
Thraupidae,Thraupidae,Chlorochrysa calliparaea,Chlorochrysa calliparaea,1,ground-understory,lowland_iquitos,Chlorochrysa_calliparaea,TL120052,Lice.Genus,Myrsidea
,Pipridae,Chiroxiphia boliviana,Chiroxiphia boliviana,1,ground-understory,lowland_iquitos,Chiroxiphia_boliviana,SP13013,Lice.Genus,Myrsidea
Formicariidae,Formicariidae,Chamaeza mollissima,Chamaeza mollissima,0,ground,lowland_iquitos,Chamaeza_mollissima,W120733,Lice.Genus,Formicaricola
Thamnophilidae,Thamnophilidae,Cercomacroides serva,Cercomacra serva,0,ground-understory,lowland_iquitos,Cercomacra_serva,1059,Lice.Genus,Myrsidea
Picidae,Picidae,Celeus grammicus,Celeus grammicus,1,midhigh,lowland_iquitos,Celeus_grammicus,V682,Lice.Genus,Picicola?
Icteridae,Icteridae,Cacicus cela,Cacicus cela,0,canopy,lowland_iquitos,Cacicus_cela,V1239,Lice.Genus,Myrsidea
Icteridae,Icteridae,Cacicus cela,Cacicus cela,0,canopy,lowland_iquitos,Cacicus_cela,V1239,Lice.Genus2,Bizarrifrons
Thraupidae,Thraupidae,Buthraupis montana,Buthraupis montana,1,ground-understory,lowland_iquitos,Buthraupis_montana,TU120049,Lice.Genus,Myrsidea
Thraupidae,Thraupidae,Buthraupis montana,Buthraupis montana,1,ground-understory,lowland_iquitos,Buthraupis_montana,W130234,Lice.Genus,Myrsidea
Thraupidae,Thraupidae,Buthraupis montana,Buthraupis montana,1,ground-understory,lowland_iquitos,Buthraupis_montana,W120483,Lice.Genus,Myrsidea
Thraupidae,Thraupidae,Buthraupis montana,Buthraupis montana,1,ground-understory,lowland_iquitos,Buthraupis_montana,W120483,Lice.Genus2,Philopterus-like
Parulidae,Parulidae,Basileuterus tristriatus,Basileuterus tristriatus,1,understory,lowland_iquitos,Basileuterus_tristriatus,SP120931,Lice.Genus,Menoponidae
Parulidae,Parulidae,Basileuterus tristriatus,Basileuterus tristriatus,1,understory,lowland_iquitos,Basileuterus_tristriatus,SP110113,Lice.Genus,Myrsidea
Parulidae,Parulidae,Basileuterus tristriatus,Basileuterus tristriatus,1,understory,lowland_iquitos,Basileuterus_tristriatus,SP110144,Lice.Genus,Myrsidea
Parulidae,Parulidae,Basileuterus tristriatus,Basileuterus tristriatus,1,understory,lowland_iquitos,Basileuterus_tristriatus,SP121212,Lice.Genus,Myrsidea
Parulidae,Parulidae,Basileuterus tristriatus,Basileuterus tristriatus,1,understory,lowland_iquitos,Basileuterus_tristriatus,SP121435,Lice.Genus,Myrsidea
Parulidae,Parulidae,Basileuterus tristriatus,Basileuterus tristriatus,1,understory,lowland_iquitos,Basileuterus_tristriatus,TL120094,Lice.Genus,Myrsidea
Parulidae,Parulidae,Basileuterus tristriatus,Basileuterus tristriatus,1,understory,lowland_iquitos,Basileuterus_tristriatus,TL120095,Lice.Genus,Myrsidea
Parulidae,Parulidae,Basileuterus tristriatus,Basileuterus tristriatus,1,understory,lowland_iquitos,Basileuterus_tristriatus,SP110186,Lice.Genus,Ricinus
Parulidae,Parulidae,Basileuterus tristriatus,Basileuterus tristriatus,1,understory,lowland_iquitos,Basileuterus_tristriatus,SP120911,Lice.Genus,Ricinus
Parulidae,Parulidae,Myiothlypis coronata,Basileuterus coronatus,1,understory,lowland_iquitos,Basileuterus_coronatus,SP110041,Lice.Genus,Myrsidea
Parulidae,Parulidae,Myiothlypis coronata,Basileuterus coronatus,1,understory,lowland_iquitos,Basileuterus_coronatus,SP120778,Lice.Genus,Myrsidea
Parulidae,Parulidae,Myiothlypis coronata,Basileuterus coronatus,1,understory,lowland_iquitos,Basileuterus_coronatus,SP120943,Lice.Genus,Myrsidea
Parulidae,Parulidae,Myiothlypis coronata,Basileuterus coronatus,1,understory,lowland_iquitos,Basileuterus_coronatus,SP121000,Lice.Genus,Myrsidea
Parulidae,Parulidae,Myiothlypis coronata,Basileuterus coronatus,1,understory,lowland_iquitos,Basileuterus_coronatus,SP121402,Lice.Genus,Myrsidea
Parulidae,Parulidae,Myiothlypis coronata,Basileuterus coronatus,1,understory,lowland_iquitos,Basileuterus_coronatus,SP110009,Lice.Genus,Picicola?
Parulidae,Parulidae,Myiothlypis coronata,Basileuterus coronatus,1,understory,lowland_iquitos,Basileuterus_coronatus,SP110009,Lice.Genus2,Myrsidea
Parulidae,Parulidae,Myiothlypis bivittata,Basileuterus bivittatus,1,midhigh,lowland_iquitos,Basileuterus_bivittatus,SP110159,Lice.Genus,Myrsidea
Parulidae,Parulidae,Myiothlypis bivittata,Basileuterus bivittatus,1,midhigh,lowland_iquitos,Basileuterus_bivittatus,SP120660,Lice.Genus,Myrsidea
Parulidae,Parulidae,Myiothlypis bivittata,Basileuterus bivittatus,1,midhigh,lowland_iquitos,Basileuterus_bivittatus,SP121079,Lice.Genus,Myrsidea
Parulidae,Parulidae,Myiothlypis bivittata,Basileuterus bivittatus,1,midhigh,lowland_iquitos,Basileuterus_bivittatus,SP121292,Lice.Genus,Myrsidea
Parulidae,Parulidae,Myiothlypis bivittata,Basileuterus bivittatus,1,midhigh,lowland_iquitos,Basileuterus_bivittatus,SP120859,Lice.Genus,Picicola
Parulidae,Parulidae,Myiothlypis bivittata,Basileuterus bivittatus,1,midhigh,lowland_iquitos,Basileuterus_bivittatus,SP120859,Lice.Genus2,Myrsidea
Furnariidae,Furnariidae,Automolus ochrolaemus,Automolus ochrolaemus,1,understory,lowland_iquitos,Automolus_ochrolaemus,P110111,Lice.Genus,Myrsidea
Furnariidae,Furnariidae,Automolus ochrolaemus,Automolus ochrolaemus,1,understory,lowland_iquitos,Automolus_ochrolaemus,P116276,Lice.Genus,Myrsidea
Furnariidae,Furnariidae,Automolus ochrolaemus,Automolus ochrolaemus,1,understory,lowland_iquitos,Automolus_ochrolaemus,P116287,Lice.Genus,Myrsidea
Furnariidae,Furnariidae,Automolus ochrolaemus,Automolus ochrolaemus,1,understory,lowland_iquitos,Automolus_ochrolaemus,V298,Lice.Genus,Myrsidea
Furnariidae,Furnariidae,Automolus ochrolaemus,Automolus ochrolaemus,1,understory,lowland_iquitos,Automolus_ochrolaemus,V679,Lice.Genus,Myrsidea
Furnariidae,Furnariidae,Automolus ochrolaemus,Automolus ochrolaemus,1,understory,lowland_iquitos,Automolus_ochrolaemus,P116254,Lice.Genus,Philopteridae
Furnariidae,Furnariidae,Automolus melanopezus,Automolus melanopezus,1,understory,lowland_iquitos,Automolus_melanopezus,P115929,Lice.Genus,Myrsidea
Furnariidae,Furnariidae,Automolus melanopezus,Automolus melanopezus,1,understory,lowland_iquitos,Automolus_melanopezus,P115929,Lice.Genus2,Rallicola?
Furnariidae,Furnariidae,Automolus infuscatus,Automolus infuscatus,1,understory,lowland_iquitos,Automolus_infuscatus,P116057,Lice.Genus,Myrsidea
"Passerellidae
",Emberizidae,Arremon torquatus,Arremon torquatus,1,ground-understory,lowland_iquitos,Arremon_torquatus,W121048,Lice.Genus,Brueelia?
"Passerellidae
",Emberizidae,Arremon torquatus,Arremon torquatus,1,ground-understory,lowland_iquitos,Arremon_torquatus,W130572,Lice.Genus,Brueelia?
"Passerellidae
",Emberizidae,Arremon torquatus,Arremon torquatus,1,ground-understory,lowland_iquitos,Arremon_torquatus,W120305,Lice.Genus,Myrsidea
"Passerellidae
",Emberizidae,Arremon torquatus,Arremon torquatus,1,ground-understory,lowland_iquitos,Arremon_torquatus,W130118,Lice.Genus,Myrsidea
"Passerellidae
",Emberizidae,Arremon torquatus,Arremon torquatus,1,ground-understory,lowland_iquitos,Arremon_torquatus,W130298,Lice.Genus,Myrsidea
"Passerellidae
",Emberizidae,Arremon torquatus,Arremon torquatus,1,ground-understory,lowland_iquitos,Arremon_torquatus,W130349,Lice.Genus,Myrsidea
"Passerellidae
",Emberizidae,Arremon torquatus,Arremon torquatus,1,ground-understory,lowland_iquitos,Arremon_torquatus,W130377,Lice.Genus,Myrsidea
"Passerellidae
",Emberizidae,Arremon torquatus,Arremon torquatus,1,ground-understory,lowland_iquitos,Arremon_torquatus,W130378,Lice.Genus,Myrsidea
"Passerellidae
",Emberizidae,Arremon torquatus,Arremon torquatus,1,ground-understory,lowland_iquitos,Arremon_torquatus,W130560,Lice.Genus,Myrsidea
Passerellidae,Emberizidae,Arremon taciturnus,Arremon taciturnus,1,ground-understory,lowland_iquitos,Arremon_taciturnus,P110323,Lice.Genus,Myrsidea
Passerellidae,Emberizidae,Arremon taciturnus,Arremon taciturnus,1,ground-understory,lowland_iquitos,Arremon_taciturnus,P110346,Lice.Genus,Myrsidea
Passerellidae,Emberizidae,Arremon taciturnus,Arremon taciturnus,1,ground-understory,lowland_iquitos,Arremon_taciturnus,P116041,Lice.Genus,Myrsidea
Passerellidae,Emberizidae,Arremon taciturnus,Arremon taciturnus,1,ground-understory,lowland_iquitos,Arremon_taciturnus,P116115,Lice.Genus,Myrsidea
Passerellidae,Emberizidae,Arremon taciturnus,Arremon taciturnus,1,ground-understory,lowland_iquitos,Arremon_taciturnus,P121417,Lice.Genus,Myrsidea
Passerellidae,Emberizidae,Arremon taciturnus,Arremon taciturnus,1,ground-understory,lowland_iquitos,Arremon_taciturnus,P130131,Lice.Genus,Myrsidea
Passerellidae,Emberizidae,Arremon taciturnus,Arremon taciturnus,1,ground-understory,lowland_iquitos,Arremon_taciturnus,P130269,Lice.Genus,Myrsidea
Passerellidae,Emberizidae,Arremon taciturnus,Arremon taciturnus,1,ground-understory,lowland_iquitos,Arremon_taciturnus,P130351,Lice.Genus,Myrsidea
Thraupidae,Thraupidae,Anisognathus somptuosus,Anisognathus somptuosus,1,ground-understory,lowland_iquitos,Anisognathus_somptuosus,TL120053,Lice.Genus,Myrsidea
"Thraupidae
",Thraupidae,Anisognathus igniventris,Anisognathus igniventris,1,ground-understory,lowland_iquitos,Anisognathus_igniventris,W120330,Lice.Genus,Menoponidae
"Thraupidae
",Thraupidae,Anisognathus igniventris,Anisognathus igniventris,1,ground-understory,lowland_iquitos,Anisognathus_igniventris,W130270,Lice.Genus,Myrsidea
Furnariidae,Furnariidae,Ancistrops strigilatus,Ancistrops strigilatus,1,ground-understory,lowland_iquitos,Ancistrops_strigilatus,P120616,Lice.Genus,Myrsidea
Furnariidae,Furnariidae,Ancistrops strigilatus,Ancistrops strigilatus,1,ground-understory,lowland_iquitos,Ancistrops_strigilatus,V695,Lice.Genus,Myrsidea
Furnariidae,Furnariidae,Anabazenops dorsalis,Anabazenops dorsalis,1,midhigh,lowland_iquitos,Anabazenops_dorsalis,P115999,Lice.Genus,Philopteridae
Furnariidae,Furnariidae,Anabacerthia striaticollis,Anabacerthia striaticollis,1,midhigh,lowland_iquitos,Anabacerthia_striaticollis,SP110022,Lice.Genus,Myrsidea
Furnariidae,Furnariidae,Anabacerthia striaticollis,Anabacerthia striaticollis,1,midhigh,lowland_iquitos,Anabacerthia_striaticollis,SP120861,Lice.Genus,Myrsidea