#,Collection,Sample_Group,Sample No. #,Sample Full #,Host genus,Host species,Host Order,Host Family,Box Location,Mite Group,Mite Genus,Mite Species,Total,Mite Group2,Mite Genus2,Mite Species2,Total2,Comment,total_mites,,,,
1,JUM,V,V02,V02,Glyphorynchus,spirurus,Passeriformes,Furnariidae,,Mesostigmatid,,,1,,,,,,1,,,,
2,JUM,V,V17,V17,Glyphorynchus,spirurus,Passeriformes,Furnariidae,,unknown,?/Aceria,,2,,,,,,2,,,,
3,JUM,V,V30,V30,Glyphorynchus,spirurus,Passeriformes,Furnariidae,,Mesostigmatid,,,1,,,,,,1,,,,
4,JUM,V,V39,V39,Megastictus,margaritatus,Passeriformes,Thamnophilidae,,Feather,,,1,,,,,,1,,,,
5,JUM,V,V40,V40,Myrmotherula,axillaris,Passeriformes,Thamnophilidae,,Feather,,,4,,,,,,4,,,,
6,JUM,V,V68,V68,Epinecrophylla,haematonota,Passeriformes,Thamnophilidae,,Oribatida,Oribatida,,1,,,,,,1,,,,
7,JUM,V,V96,V96,Lepidothrix,coronata,Passeriformes,Pipridae,,not found in box,,,1,,,,,,1,,,,
8,JUM,V,V102,V102,Pheugopedius,coraya,Passeriformes,Troglodytidae,,Mesostigmatid,,,1,,,,,,1,,,,
9,JUM,V,V108,V108,Glyphorynchus,spirurus,Passeriformes,Furnariidae,,Feather,,,1,,,,,,1,,,,
10,JUM,Delete?,V138,V138,Dendrocincla,merula,Passeriformes,"Furnariidae
",,Feather,,,1,Mesostigmatid,,,1,,2,,,,
11,JUM,V,V157,V157,Xenops,minutus,Passeriformes,Furnariidae,,Feather,,,1,,,,,,1,,,,
12,JUM,V,V163,V163,Willisornis,poecilinotus,Passeriformes,Thamnophilidae,,Feather,,,1,,,,,,1,,,,
13,JUM,V,V168,V168,Tachyphonus,surinamus,Passeriformes,"Thraupidae
",,Feather,,,1,,,,,,1,,,,
14,JUM,V,V173,V173,Glyphorynchus,spirurus,Passeriformes,Furnariidae,,Feather,,,1,,,,,,1,,,,
15,JUM,V,V182,V182,Willisornis,poecilinotus,Passeriformes,Thamnophilidae,,Feather,,,1,,,,,,1,,,,
16,JUM,V,V187,V187,Megastictus,margaritatus,Passeriformes,Thamnophilidae,,Feather,,,7,,,,,,7,,,,
17,JUM,V,V184,V184,Dendrocincla,fuliginosa,Passeriformes,"Furnariidae
",,unknown,,,1,,,,,,1,,,,
18,JUM,V,V196,V196,Attila,citriniventris,Passeriformes,"Tyrannidae
",,Mesostigmatid,,,2,Feather,,,1,,3,,,,
19,JUM,V,V209,V209,Gymnopithys,leucaspis,Passeriformes,Thamnophilidae,,Feather,,,1,,,,,,1,,,,
20,JUM,V,V216,V216,Onychorhynchus,coronatus,Passeriformes,Tityridae,,Feather,,,1,,,,,,1,,,,
21,JUM,V,V223,V223,Formicarius,colma,Passeriformes,"Formicariidae
",,Mesostigmatid,,,14,,,,,,14,,,,
22,JUM,V,V220,V220,Glyphorynchus,spirurus,Passeriformes,Furnariidae,,Feather,,,1,,,,,,1,,,,
23,JUM,V,V235,V235,Glyphorynchus,spirurus,Passeriformes,Furnariidae,,Feather,,,50,Mesostigmatid,,,1,,51,,,,
24,JUM,V,V240,V240,Glyphorynchus,spirurus,Passeriformes,Furnariidae,,Feather,,,3,Unknown,,,1,,4,,,,
25,JUM,V,V253,V253,Sclerurus,mexicanus,Passeriformes,"Furnariidae
",,Feather,,,2,,,,,,2,,,,
26,JUM,V,V254,V254,Formicarius,colma,Passeriformes,"Formicariidae
",,Feather,,,2,Mesostigmatid,,,1,,3,,,,
27,JUM,V,V257,V257,Glyphorynchus,spirurus,Passeriformes,Furnariidae,,Feather,,,1,,,,,,1,,,,
28,JUM,V,V261,V261,Glyphorynchus,spirurus,Passeriformes,Furnariidae,,Feather,,,2,Mesostigmatid,,,1,,3,,,,
29,JUM,V,V268,V268,Megastictus,margaritatus,Passeriformes,Thamnophilidae,,Feather,,,1,,,,,,1,,,,
30,JUM,V,V269,V269,Willisornis,poecilinotus,Passeriformes,Thamnophilidae,,Mesostigmatid,,,2,,,,,,2,,,,
31,JUM,V,V282,V282,Ceratopipra,erythrocephala,Passeriformes,Pipridae,,Feather,,,10,Mesostigmatid,,,9,,19,,,,
32,JUM,V,V283,V283,Geotrygon,montana,Columbiformes,"Columbidae
",,Meso,,,2,,,,,,2,,,,
33,JUM,V,V285,V285,Dendrocincla,fuliginosa,Passeriformes,"Furnariidae
",,Feather,,,3,,,,,,3,,,,
34,JUM,V,V293,V293,Hypocnemis,hypoxantha,Passeriformes,Thamnophilidae,,Feather,,,8,,,,,,8,,,,
35,JUM,V,V296,V296,Glyphorynchus,spirurus,Passeriformes,Furnariidae,,Feather,,,7,,,,,,7,,,,
36,JUM,V,V297,V297,Glyphorynchus,spirurus,Passeriformes,Furnariidae,,Feather,,,3,,,,,,3,,,,
37,JUM,V,V298,V298,Automolus,ochrolaemus,Passeriformes,Furnariidae,,Feather,,,1,,,,,,1,,,,
38,JUM,V,V299,V299,Xiphorhynchus,elegans,Passeriformes,Furnariidae,,Feather,,,3,Unknown,,,2,,5,,,,
39,JUM,V,V300,V300,Gymnopithys,leucaspis,Passeriformes,Thamnophilidae,,Feather,,,1,,,,,,1,,,,
40,JUM,V,V301,V301,Glyphorynchus,spirurus,Passeriformes,Furnariidae,,Feather,,,1,,,,,,1,,,,
41,JUM,V,V304,V304,Celeus,elegans,Piciformes,Picidae,,Mesostigmatid,,,1,,,,,,1,,,,
42,JUM,V,V314,V314,Formicarius,colma,Passeriformes,"Formicariidae
",,Feather,,,1,,,,,,1,,,,
43,JUM,V,V319,V319,Notarchus,ordii,,,,Feather,,,2,,,,,,2,,,,
44,JUM,V,V327,V327,Gymnopithys,leucaspis,Passeriformes,Thamnophilidae,,Feather,,,1,Mesostigmatid?,,,3,,4,,,,
45,JUM,V,V383,V383,Glyphorynchus,spirurus,Passeriformes,Furnariidae,,Mesostigmatid,,,2,,,,,,2,,,,
46,JUM,V,V384,V384,Celeus,elegans,Piciformes,Picidae,,Mesostigmatid,,,7,,,,,,7,,,,
47,JUM,V,V385,V385,Formicarius,colma,Passeriformes,"Formicariidae
",,Feather,,,1,,,,,,1,,,,
48,JUM,V,V386,V386,Willisornis,poecilinotus,Passeriformes,Thamnophilidae,,Mesostigmatid,,,2,,,,,,2,,,,
49,JUM,V,V393,V393,Megastictus,margaritatus,Passeriformes,Thamnophilidae,,Feather,,,1,,,,,,1,,,,
50,JUM,V,V396,V396,Megastictus,margaritatus,Passeriformes,Thamnophilidae,,Feather,,,2,,,,,,2,,,,
51,JUM,V,V399,V399,Willisornis,poecilinotus,Passeriformes,Thamnophilidae,,Feather,,,2,,,,,,2,,,,
52,JUM,V,V400,V400,Myrmoborus,myotherinus,Passeriformes,Thamnophilidae,,Feather,,,1,,,,,,1,,,,
53,JUM,V,V401,V401,Willisornis,poecilinotus,Passeriformes,Thamnophilidae,,Feather,,,4,,,,,,4,,,,
54,JUM,V,V405,V405,Megastictus,margaritatus,Passeriformes,Thamnophilidae,,Feather,,,5,,,,,,5,,,,
55,JUM,V,V406,V406,Megastictus,margaritatus,Passeriformes,Thamnophilidae,,Feather,,,1,,,,,,1,,,,
56,JUM,V,V409,V409,Megastictus,margaritatus,Passeriformes,Thamnophilidae,,Trombiculid,,,2,Oribatida?,Oribatida,,1,,3,,,,
57,JUM,V,V410,V410,Glyphorynchus,spirurus,Passeriformes,Furnariidae,,Feather?,,,1,,,,,,1,,,,
58,JUM,V,V412,V412,Lepidothrix,coronata,Passeriformes,Pipridae,,Feather,,,2,,,,,,2,,,,
59,JUM,V,V413,V413,Glyphorynchus,spirurus,Passeriformes,Furnariidae,,Feather,,,1,Mesostigmatid,,,2,,3,,,,
60,JUM,V,V414,V414,Phlegopsis,erythroptera,Passeriformes,Thamnophilidae,,Feather,,,1,Unknown,,,1,,2,,,,
61,JUM,V,V415,V415,Phlegopsis,erythroptera,Passeriformes,Thamnophilidae,,Feather,,,1,Unknown,,,1,,2,,,,
62,JUM,V,V416,V416,Phlegopsis,erythroptera,Passeriformes,Thamnophilidae,,Feather,,,2,,,,,,2,,,,
63,JUM,V,V419,V419,Megastictus,margaritatus,Passeriformes,Thamnophilidae,,Feather,,,1,Trombiculid,,,1,,2,,,,
64,JUM,V,V422,V422,Hypocnemis,hypoxantha,Passeriformes,Thamnophilidae,,Feather,,,1,,,,,,1,,,,
65,JUM,V,V443,V443,Pithys,albifrons,Passeriformes,Thamnophilidae,,Feather,,,8,,,,,,8,,,,
66,JUM,V,V449,V449,Pithys,albifrons,Passeriformes,Thamnophilidae,,Feather,,,7,,,,,,7,,,,
67,JUM,V,V451,V451,Ramphotrigon,ruficauda,Passeriformes,Tyrannidae,,Feather,,,1,,,,,,1,,,,
68,JUM,V,V452,V452,Lepidothrix,coronata,Passeriformes,Pipridae,,Feather,,,8,,,,,,8,,,,
69,JUM,V,V453,V453,Lepidothrix,coronata,Passeriformes,Pipridae,,Feather,,,4,,,,,,4,,,,
70,JUM,V,V458,V458,Dendrocincla,fuliginosa,Passeriformes,"Furnariidae
",,Mesostigmatid,,,2,Oribatida?,Oribatida,,1,,3,,,,
71,JUM,V,V459,V459,Lepidothrix,coronata,Passeriformes,Pipridae,,Feather,,,2,,,,,,2,,,,
72,JUM,V,V460,V460,Momotus,momota,Coraciiformes,Momotidae,,Trombiculid,,,2,,,,,,2,,,,
73,JUM,V,V464,V464,Synallaxis,rutilans,Passeriformes,Furnariidae,,Feather,,,5,,,,,,5,,,,
74,JUM,V,V465,V465,Synallaxis,rutilans,Passeriformes,Furnariidae,,Feather,,,2,,,,,,2,,,,
75,JUM,V,V466,V466,Terenotriccus,erythrurus,Passeriformes,"Tityridae
",,Feather,,,5,,,,,,5,,,,
76,JUM,V,V467,V467,Glyphorynchus,spirurus,Passeriformes,Furnariidae,,Feather,,,6,Oribatida?,,,1,,7,,,,
77,JUM,V,V476,V476,Euphonia,xanthogaster,Passeriformes,Fringillidae,,Feather,,,1,,,,,,1,,,,
78,JUM,M,M487,M487,Willisornis,poecilinotus,Passeriformes,Thamnophilidae,,Feather,,,1,,,,,,1,,,,
79,JUM,M,M489,M489,Thamnophilus,murinus,Passeriformes,Thamnophilidae,,Mesostigmatid,,,1,,,,,,1,,,,
80,JUM,M,M491,M491,Pithys,albifrons,Passeriformes,Thamnophilidae,,Feather,,,1,,,,,,1,,,,
81,JUM,M,M492,M492,Pithys,albifrons,Passeriformes,Thamnophilidae,,Feather,,,1,,,,,,1,,,,
82,JUM,M,M494,M494,Pseudopipra,pipra,Passeriformes,Pipridae,,Feather,,,1,,,,,,1,,,,
83,JUM,M,M496,M496,Thamnophilus,murinus,Passeriformes,Thamnophilidae,,Feather,,,1,,,,,,1,,,,
84,JUM,M,M497,M497,Glyphorynchus,spirurus,Passeriformes,Furnariidae,,Feather,,,1,,,,,,1,,,,
85,JUM,M,M499,M499,Glyphorynchus,spirurus,Passeriformes,Furnariidae,,Feather,,,1,,,,,,1,,,,
86,JUM,M,M505,M505,Ceratopipra,erythrocephala,Passeriformes,Pipridae,,Feather,,,1,,,,,,1,,,,
87,JUM,M,M507,M507,Willisornis,poecilinotus,Passeriformes,Thamnophilidae,,Feather,,,6,,,,,,6,,,,
88,JUM,M,M515,M515,Glyphorynchus,spirurus,Passeriformes,Furnariidae,,Feather,,,3,Mesostigmatid,,,3,,6,,,,
89,JUM,M,M516,M516,Glyphorynchus,spirurus,Passeriformes,Furnariidae,,Mesostigmatid,,,5,,,,,,5,,,,
90,JUM,M,M519,M519,Glyphorynchus,spirurus,Passeriformes,Furnariidae,,Mesostigmatid,,,1,,,,,,1,,,,
91,JUM,M,M520,M520,Ceratopipra,erythrocephala,Passeriformes,Pipridae,,Feather,,,1,,,,,,1,,,,
92,JUM,M,M527,M527,Ceratopipra,erythrocephala,Passeriformes,Pipridae,,Feather,,,1,,,,,,1,,,,
93,JUM,M,M533,M533,Xiphorhynchus,elegans,Passeriformes,Furnariidae,,Feather,,,2,,,,,,2,,,,
94,JUM,M,M537,M537,Gymnopithys,leucaspis,Passeriformes,Thamnophilidae,,Feather,,,2,,,,,,2,,,,
95,JUM,M,M539,M539,Gymnopithys,leucaspis,Passeriformes,Thamnophilidae,,Feather,,,3,,,,,,3,,,,
96,JUM,M,M540,M540,Microcerculus,marginatus,Passeriformes,Troglodytidae,,Feather,,,4,Mesostigmatid,,,1,,5,,,,
97,JUM,M,M541,M541,Malacoptila,fusca,Piciformes,Bucconidae,,Feather,,,1,,,,,,1,,,,
98,JUM,M,M542,M542,Malacoptila,fusca,Piciformes,Bucconidae,,Feather,,,5,,,,,,5,,,,
99,JUM,M,M543,M543,Microcerculus,marginatus,Passeriformes,Troglodytidae,,Feather,,,5,,,,,,5,,,,
100,JUM,M,M547,M547,Thamnophilus,murinus,Passeriformes,Thamnophilidae,,Feather,,,1,Mesostigmatid,,,1,,2,,,,
101,JUM,M,M549,M549,Glyphorynchus,spirurus,Passeriformes,Furnariidae,,Feather,,,1,,,,,,1,,,,
102,JUM,M,M551,M551,Frederickena,unduligera,Passeriformes,Thamnophilidae,,Feather,,,1,Mesostigmatid,,,1,,2,,,,
103,JUM,M,M560,M560,Terenotriccus,erythrurus,Passeriformes,"Tityridae
",,Feather,,,7,,,,,,7,,,,
104,JUM,M,M561,M561,Xenops,minutus,Passeriformes,Furnariidae,,Feather,,,1,,,,,,1,,,,
105,JUM,M,M564,M564,Gymnopithys,leucaspis,Passeriformes,Thamnophilidae,,Feather,,,1,,,,,,1,,,,
106,JUM,M,M565,M565,Myrmoborus,myotherinus,Passeriformes,Thamnophilidae,,Feather,,,5,,,,,,5,,,,
107,JUM,M,M571,M571,Myrmoborus,myotherinus,Passeriformes,Thamnophilidae,,Feather,,,4,,,,,,4,,,,
108,JUM,M,M578,M578,Megastictus,margaritatus,Passeriformes,Thamnophilidae,,Feather,,,2,,,,,,2,,,,
109,JUM,M,M579,M579,Conopophaga,peruviana,Passeriformes,Conopophagidae,,Feather,,,7,,,,,,7,,,,
110,JUM,M,M580,M580,Gymnopithys,leucaspis,Passeriformes,Thamnophilidae,,Feather,,,6,Mesostigmatid,,,2,,8,,,,
111,JUM,M,M581,M581,Turdus,albicollis,Passeriformes,Turdidae,,Feather,,,2,,,,,,2,,,,
112,JUM,M,M582,M582,Willisornis,poecilinotus,Passeriformes,Thamnophilidae,,Feather,,,3,Mesostigmatid,,,1,,4,,,,
113,JUM,M,M583,M583,Dendrocincla,merula,Passeriformes,"Furnariidae
",,Feather,,,10,,,,,,10,,,,
114,JUM,M,M584,M584,Dendrocincla,merula,Passeriformes,"Furnariidae
",,Feather,,,2,,,,,,2,,,,
115,JUM,M,M588,M588,Willisornis,poecilinotus,Passeriformes,Thamnophilidae,,Feather,,,2,,,,,,2,,,,
116,JUM,M,M589,M589,Gymnopithys,leucaspis,Passeriformes,Thamnophilidae,,Mesostigmatid,,,1,,,,,,1,,,,
117,JUM,M,M590,M590,Pithys,albifrons,Passeriformes,Thamnophilidae,,Feather,,,9,,,,,,9,,,,
118,JUM,M,M593,M593,Pithys,albifrons,Passeriformes,Thamnophilidae,,Feather,,,2,,,,,,2,,,,
119,JUM,M,M594,M594,Dendrocincla,merula,Passeriformes,"Furnariidae
",,Feather,,,1,,,,,,1,,,,
120,JUM,M,M598,M598,Dendrocincla,fuliginosa,Passeriformes,"Furnariidae
",,Feather,,,2,,,,,,2,,,,
121,JUM,M,M600,M600,Willisornis,poecilinotus,Passeriformes,Thamnophilidae,,Mesostigmatid,,,1,,,,,,1,,,,
122,JUM,M,M605,M605,Pithys,albifrons,Passeriformes,Thamnophilidae,,Feather,,,1,,,,,,1,,,,
123,JUM,M,M607,M607,Gymnopithys,leucaspis,Passeriformes,Thamnophilidae,,Feather,,,1,,,,,,1,,,,
124,JUM,M,M608,M608,Percnostola,fortis,Passeriformes,Thamnophilidae,,Feather,,,8,,,,,,8,,,,
125,JUM,M,M612,M612,Percnostola,fortis,Passeriformes,Thamnophilidae,,Feather,,,5,,,,,,5,,,,
126,JUM,M,M614,M614,Percnostola,fortis,Passeriformes,Thamnophilidae,,Feather,,,20,,,,,,20,,,,
127,JUM,M,M620,M620,Pithys,albifrons,Passeriformes,Thamnophilidae,,Feather,,,4,,,,,,4,,,,
128,JUM,M,M625,M625,Mionectes,oleagineus,Passeriformes,Tyrannidae,,Feather,,,2,,,,,,2,,,,
129,JUM,M,M626,M626,Myrmoborus,myotherinus,Passeriformes,Thamnophilidae,,Feather,,,11,,,,,,11,,,,
130,JUM,M,M628,M628,Pseudopipra,pipra,Passeriformes,Pipridae,,Feather,,,4,,,,,,4,,,,
131,JUM,M,M634,M634,Thamnomanes,caesius,Passeriformes,Thamnophilidae,,Feather,,,1,,,,,,1,,,,
132,JUM,V,V658,V658,Glyphorynchus,spirurus,Passeriformes,Furnariidae,,Feather,,,1,,,,,,1,,,,
133,JUM,V,V660,V660,Gymnopithys,leucaspis,Passeriformes,Thamnophilidae,,Feather,,,2,Oribatida,Oribatida,,1,,3,,,,
134,JUM,V,V663,V663,Willisornis,poecilinotus,Passeriformes,Thamnophilidae,,Feather,,,2,,,,,,2,,,,
135,JUM,V,V668,V668,Pithys,albifrons,Passeriformes,Thamnophilidae,,Feather,,,3,,,,,,3,,,,
136,JUM,V,V669,V669,Pithys,albifrons,Passeriformes,Thamnophilidae,,Feather,,,6,"Mesostigmatid, Trombiculid",,,2,,8,,,,
137,JUM,V,V672,V672,Pithys,albifrons,Passeriformes,Thamnophilidae,,Feather,,,1,,,,,,1,,,,
138,JUM,V,V673,V673,Pithys,albifrons,Passeriformes,Thamnophilidae,,Feather,,,1,,,,,,1,,,,
139,JUM,V,V677,V677,Glyphorynchus,spirurus,Passeriformes,Furnariidae,,Feather,,,2,,,,,,2,,,,
140,JUM,V,V678,V678,Microcerculus,marginatus,Passeriformes,Troglodytidae,,Feather,,,5,,,,,,5,,,,
141,JUM,V,V680,V680,Xiphorhynchus,elegans,Passeriformes,Furnariidae,,Feather,,,1,Oribatida,Oribatida,,2,,3,,,,
142,JUM,V,V682,V682,Celeus,grammicus,Piciformes,Picidae,,Feather,,,55,,,,,,55,,,,
143,JUM,V,V685,V685,Gymnopithys,leucaspis,Passeriformes,Thamnophilidae,,Feather,,,1,,,,,,1,,,,
144,JUM,V,V687,V687,Dendrocolaptes,certhia,Passeriformes,"Furnariidae
",,Feather,,,4,Mesostigmatid,,,1,,5,,,,
145,JUM,V,V688,V688,Geotrygon,montana,Columbiformes,"Columbidae
",,Feather,,,5,,,,,,5,,,,
146,JUM,V,V690,V690,Pithys,albifrons,Passeriformes,Thamnophilidae,,Feather,,,6,,,,,,6,,,,
147,JUM,V,V691,V691,Glyphorynchus,spirurus,Passeriformes,Furnariidae,,Feather,,,1,Mesostigmatid,,,7,,8,,,,
148,JUM,V,V692,V692,Onychorhynchus,coronatus,Passeriformes,Tityridae,,Mesostigmatid,,,2,,,,,,2,,,,
149,JUM,V,V694,V694,Xiphorhynchus,elegans,Passeriformes,Furnariidae,,Feather,,,3,Mesostigmatid,,,1,,4,,,,
150,JUM,V,V695,V695,Ancistrops,strigilatus,Passeriformes,"Furnariidae
",,Feather,,,2,,,,,,2,,,,
151,JUM,V,V699,V699,Glyphorynchus,spirurus,Passeriformes,Furnariidae,,not found in box,,,0,,,,,,0,,,,
152,JUM,V,V701,V701,Megastictus,margaritatus,Passeriformes,Thamnophilidae,,Feather,,,2,,,,,,2,,,,
153,JUM,V,V703,V703,Sclerurus,mexicanus,Passeriformes,"Furnariidae
",,Feather,,,235,,,,,,235,,,,
154,JUM,V,V711,V711,Platyrinchus,saturatus,Xiphorhynchus,elegans,,Mesostigmatid,,,1,,,,,,1,,,,
155,JUM,V,V712,V712,Gymnopithys,leucaspis,Passeriformes,Thamnophilidae,,Feather,,,2,,,,,,2,,,,
156,JUM,V,V717,V717,Sclerurus,mexicanus,Passeriformes,"Furnariidae
",,Feather,,,3,,,,,,3,,,,
157,JUM,V,V720,V720,Glyphorynchus,spirurus,Passeriformes,Furnariidae,,Mesostigmatid,,,1,,,,,,1,,,,
158,JUM,V,V721,V721,Ceratopipra,erythrocephala,Passeriformes,Pipridae,,Feather,,,4,,,,,,4,,,,
159,JUM,V,V725,V725,Pithys,albifrons,Passeriformes,Thamnophilidae,,Feather,,,11,,,,,,11,,,,
160,JUM,,857,857,Formicarius,colma,Passeriformes,"Formicariidae
",,Feather,,,1,,,,,,1,,,,
161,JUM,V,V1297,V1297,Formicarius,colma,Passeriformes,"Formicariidae
",,Feather,,,6,,,,,,6,,,,
162,JUM,,968,968,Terenotriccus,erythrurus,Passeriformes,"Tityridae
",,Feather,,,1,,,,,,1,,,,
163,JUM,,3576,3576,Terenotriccus,erythrurus,Passeriformes,"Tityridae
",,Mesostigmatid,,,1,,,,,,1,,,,
164,JUM,,3609,3609,Terenotriccus,erythrurus,Passeriformes,"Tityridae
",,Feather,,,1,,,,,,1,,,,
165,JUM,,4182,4182,Terenotriccus,erythrurus,Passeriformes,"Tityridae
",,Feather,,,2,,,,,,2,,,,
166,JUM,,3810,3810,Terenotriccus,erythrurus,Passeriformes,"Tityridae
",,Feather,,,1,,,,,,1,,,,
167,JUM,,4281,4281,Terenotriccus,erythrurus,Passeriformes,"Tityridae
",,Feather,,,1,,,,,,1,,,,
168,JUM,,1022,1022,Willisornis,poecilinotus,Passeriformes,Thamnophilidae,,Feather,,,1,,,,,,1,,,,
169,JUM,,3837,3837,Dendrocincla,fuliginosa,Passeriformes,"Furnariidae
",,Feather,,,1,,,,,,1,,,,
170,JUM,V,V728,V728,Glyphorynchus,spirurus,Passeriformes,Furnariidae,,Feather,,,1,,,,,,1,,,,
171,JUM,V,V783,V783,Glyphorynchus,spirurus,Passeriformes,Furnariidae,,Feather,,,1,,,,,,1,,,,
172,JUM,V,V729,V729,Deconychura,longicauda,Passeriformes,"Furnariidae
",,Mesostigmatid,,,1,,,,,,1,,,,
173,JUM,V,V730,V730,Glyphorynchus,spirurus,Passeriformes,Furnariidae,,Feather,,,2,Mesostigmatid,,,1,,3,,,,
174,JUM,V,V733,V733,Lepidothrix,coronata,Passeriformes,Pipridae,,Feather,,,1,,,,,,1,,,,
175,JUM,V,V735,V735,Glyphorynchus,spirurus,Passeriformes,Furnariidae,,Feather,,,1,Mesostigmatid,,,2,,3,,,,
176,JUM,V,V737,V737,Gymnopithys,leucaspis,Passeriformes,Thamnophilidae,,Feather,,,6,,,,,,6,,,,
177,JUM,V,V738,V738,Megastictus,margaritatus,Passeriformes,Thamnophilidae,,Mesostigmatid,,,2,,,,,,2,,,,
178,JUM,V,V743,V743,Glyphorynchus,spirurus,Passeriformes,Furnariidae,,Mesostigmatid,,,1,,,,,,1,,,,
179,JUM,V,V756,V756,Terenotriccus,erythrurus,Passeriformes,"Tityridae
",,Feather,,,1,,,,,,1,,,,
180,JUM,V,V746,V746,Megastictus,margaritatus,Passeriformes,Thamnophilidae,,Feather,,,1,,,,,,1,,,,
181,JUM,V,V747,V747,Glyphorynchus,spirurus,Passeriformes,Furnariidae,,Feather,,,1,Mesostigmatid,,,1,,2,,,,
182,JUM,V,V740,V740,Megastictus,margaritatus,Passeriformes,Thamnophilidae,,Feather,,,3,,,,,,3,,,,
183,JUM,V,V787,V787,Cyanocompsa,cyanoides,Passeriformes,Cardinalidae,,Feather,,,6,,,,,,6,,,,
184,JUM,V,V750,V750,Glyphorynchus,spirurus,Passeriformes,Furnariidae,,Feather,,,6,,,,,,6,,,,
185,JUM,V,V759,V759,Glyphorynchus,spirurus,Passeriformes,Furnariidae,,Feather,,,3,,,,,,3,,,,
186,JUM,V,V762,V762,Myrmoborus,myotherinus,Passeriformes,Thamnophilidae,,Feather,,,4,,,,,,4,,,,
187,JUM,V,V763,V763,Percnostola,fortis,Passeriformes,Thamnophilidae,,Feather,,,1,,,,,,1,,,,
188,JUM,V,V767,V767,Sclerurus,mexicanus,Passeriformes,"Furnariidae
",,Feather,,,296,,,,,,296,,,,
189,JUM,,1025,1025,Willisornis,poecilinotus,Passeriformes,Thamnophilidae,not found in the box,Feather,,,1,Mesostigmatid,,,1,,2,,,,
190,JUM,V,V768,V768,Myrmoborus,myotherinus,Passeriformes,Thamnophilidae,,Feather,,,358,Trombiculid,,,1,,359,,,,
191,JUM,V,V771,V771,Myrmelastes,leucostigma,Passeriformes,Thamnophilidae,,Feather,,,7,,,,,,7,,,,
192,JUM,V,V769,V769,Glyphorynchus,spirurus,Passeriformes,Furnariidae,,Feather,,,12,,,,,,12,,,,
193,JUM,V,V770,V770,Myrmoborus,myotherinus,Passeriformes,Thamnophilidae,,Feather,,,25,,,,,,25,,,,
194,JUM,V,V772,V772,Percnostola,fortis,Passeriformes,Thamnophilidae,,Feather,,,2,,,,,,2,,,,
195,JUM,V,V773,V773,Glyphorynchus,spirurus,Passeriformes,Furnariidae,,Feather,,,4,,,,,,4,,,,
196,JUM,V,V774,V774,Myrmoborus,myotherinus,Passeriformes,Thamnophilidae,,Feather,,,1,,,,,,1,,,,
197,JUM,,781,781,Manacus,manacus,Passeriformes,Pipridae,,Feather,,,1,,,,,,1,,,,
198,JUM,,784,784,Lepidothrix,coronata,Passeriformes,Pipridae,,Feather,,,1,,,,,,1,,,,
199,JUM,,789,789,Euphonia,xanthogaster,Passeriformes,Fringillidae,,Feather,,,1,,,,,,1,,,,
200,JUM,,791,791,Microcerculus,marginatus,Passeriformes,Troglodytidae,,Feather,,,1,Mesostigmatid,,,1,,2,,,,
201,JUM,,798,798,Momotus,momota,Coraciiformes,Momotidae,,Feather,,,1,Trombiculid,,,3,,4,,,,
202,JUM,,799,799,Willisornis,poecilinotus,Passeriformes,Thamnophilidae,,Feather,,,3,,,,,,3,,,,
203,JUM,,804,804,Manacus,manacus,Passeriformes,Pipridae,,Feather,,,1,,,,,,1,,,,
204,JUM,,809,809,Manacus,manacus,Passeriformes,Pipridae,,Feather,,,6,,,,,,6,,,,
205,JUM,,813,813,Willisornis,poecilinotus,Passeriformes,Thamnophilidae,,Feather,,,2,,,,,,2,,,,
206,JUM,,815,815,Glyphorynchus,spirurus,Passeriformes,Furnariidae,,Feather,,,1,,,,,,1,,,,
207,JUM,,816,816,Gymnopithys,leucaspis,Passeriformes,Thamnophilidae,,Feather,,,1,,,,,,1,,,,
208,JUM,,818,818,Glyphorynchus,spirurus,Passeriformes,Furnariidae,,Feather,,,2,Mesostigmatid,,,1,,3,,,,
209,JUM,,820,820,Xiphorhynchus,elegans,Passeriformes,Furnariidae,,Feather,,,1,Mesostigmatid,,,2,,3,,,,
210,JUM,,821,821,Gymnopithys,leucaspis,Passeriformes,Thamnophilidae,,Feather,,,2,Larva?,,,1,,3,,,,
211,JUM,,831,831,Manacus,manacus,Passeriformes,Pipridae,,Mesostigmatid,,,1,,,,,,1,,,,
212,JUM,,826,826,Myrmoborus,myotherinus,Passeriformes,Thamnophilidae,,Feather,,,4,,,,,,4,,,,
213,JUM,,828,828,Nonnula,brunnea,Piciformes,"Bucconidae
",,Feather,,,2,,,,,,2,,,,
214,JUM,,835,835,Myrmelastes,leucostigma,Passeriformes,Thamnophilidae,,Feather,,,1,Trombiculid,,,1,,2,,,,
215,JUM,,845,845,Capito,auratus,Piciformes,"Capitonidae
",,Feather,,,2,,,,,,2,,,,
216,JUM,,866,866,Manacus,manacus,Passeriformes,Pipridae,,Feather,,,2,Mesostigmatid,,,1,,3,,,,
217,JUM,,851,851,Percnostola,fortis,Passeriformes,Thamnophilidae,,Feather,,,2,,,,,,2,,,,
218,JUM,,867,867,Manacus,manacus,Passeriformes,Pipridae,,Unknown,,,1,,,,,,1,,,,
219,JUM,,869,869,Gymnopithys,spirurus,Passeriformes,Thamnophilidae,,Mesostigmatid,,,2,Feather,,,1,,3,,,,
220,JUM,,875,875,Lepidothrix,coronata,Passeriformes,Pipridae,,Unknown,,,1,,,,,,1,,,,
221,JUM,,877,877,Glyphorynchus,spirurus,Passeriformes,Furnariidae,,Unknown,,,2,,,,,,2,,,,
222,JUM,,888,888,Manacus,manacus,Passeriformes,Pipridae,,Feather,,,1,,,,,,1,,,,
223,JUM,,892,892,Glyphorynchus,spirurus,Passeriformes,Furnariidae,,Feather,,,4,Mesostigmatid,,,6,,10,,,,
224,JUM,,1003,1003,Gymnopithys,leucaspis,Passeriformes,Thamnophilidae,,Feather,,,1,,,,,,1,,,,
225,JUM,,1005,1005,Myrmoborus,myotherinus,Passeriformes,Thamnophilidae,,Feather,,,6,,,,,,6,,,,
226,JUM,,1006,1006,Glyphorynchus,spirurus,Passeriformes,Furnariidae,,Mesostigmatid,,,1,,,,,,1,,,,
227,JUM,,1007,1007,Percnostola,fortis,Passeriformes,Thamnophilidae,,Mesostigmatid,,,1,,,,,,1,,,,
228,JUM,,1010,1010,Lepidothrix,coronata,Passeriformes,Pipridae,,Trombiculid,,,1,,,,,,1,,,,
229,JUM,,1017,1017,Lepidothrix,coronata,Passeriformes,Pipridae,,Unknown?,,,1,,,,,,1,,,,
230,JUM,,1011,1011,Chloroceryle,aenea,Coraciiformes,Alcedinidae,,Feather,,,1,,,,,,1,,,,
231,JUM,,1014,1014,Myrmoborus,myotherinus,Passeriformes,Thamnophilidae,,Mesostigmatid,,,3,,,,,,3,,,,
232,JEJ,,P116125,P116125,Formicarius,analis,Passeriformes,Formicariidae,,Trombiculid,,,16,Feather,,,2,,18,,,,
233,JEJ,,P120896,P120896,Formicarius,analis,Passeriformes,Formicariidae,,Feather,,,3,,,,,,3,,,,
234,JEJ,,P121420,P121420,Formicarius,analis,Passeriformes,Formicariidae,,Trombiculid,,,6,Feather,,,1,,7,,,,
235,JEJ,,P121421,P121421,Formicarius,analis,Passeriformes,Formicariidae,,Trombiculid,,,1,Feather,,,1,,2,,,,
236,JEJ,,W120733,W120733,Chamaeza,mollissima,Passeriformes,Formicariidae,,Feather,,,3,,,,,,3,,,,
237,JUM,,1015,1015,Chloroceryle,aenea,Coraciiformes,Alcedinidae,,Mesostigmatid,,,2,,,,,,2,,,,
238,JEJ,,P110073,P110073,Thamnomanes,ardesiacus,Passeriformes,Thamnophilidae,,Feather,,,4,,,,,,4,,,,
239,JEJ,,P110086,P110086,Isleria,hauxwelli,Passeriformes,Thamnophilidae,,Feather,,,1,,,,,,1,,,,
240,JEJ,,P110128,P110128,Thamnomanes,schistogynus,Passeriformes,Thamnophilidae,,Feather,,,33,,,,,,33,,,,
241,JEJ,,P110140,P110140,Corythopis,torquatus,Passeriformes,Tyrannidae,,Mesostigmatid,,,3,,,,,,3,,,,
242,JEJ,,P110159,P110159,Willisornis,poecilinotus,Passeriformes,Thamnophilidae,,Feather,,,2,,,,,,2,,,,
243,JEJ,,P110171,P110171,Sclerurus,caudacutus,Passeriformes,"Furnariidae
",,Mesostigmatid,,,1,Feather,,,2,,3,,,,
244,JEJ,,P110172,P110172,Isleria,hauxwelli,Passeriformes,Thamnophilidae,,Feather,,,1,,,,,,1,,,,
245,JEJ,,P110216,P110216,Corythopis,torquatus,Passeriformes,Tyrannidae,,Feather,,,2,,,,,,2,,,,
246,JEJ,,P110238,P110238,Willisornis,poecilinotus,Passeriformes,Thamnophilidae,,Feather,,,1,,,,,,1,,,,
247,JEJ,,P110290,P110290,Willisornis,poecilinotus,Passeriformes,Thamnophilidae,,Feather,,,1,,,,,,1,,,,
248,JUM,,1020,1020,Glyphorynchus,spirurus,Passeriformes,Furnariidae,,Feather,,,1,,,,,,1,,,,
249,JUM,,1032,1032,Phlegopsis,erythroptera,Passeriformes,Thamnophilidae,,Feather,,,2,,,,,,2,,,,
250,JEJ,,P110297,P110297,Thamnomanes,ardesiacus,Passeriformes,Thamnophilidae,,Feather,,,13,,,,,,13,,,,
251,JUM,,1036,1036,Automolus,subulatus,Passeriformes,Furnariidae,,Feather,,,10,Trombiculid,,,1,,11,,,,
252,JEJ,,P110342,P110342,Sclerurus,caudacutus,Passeriformes,"Furnariidae
",,Feather,,,6,,,,,,6,,,,
253,JUM,,1038,1038,Glyphorynchus,spirurus,Passeriformes,Furnariidae,,Feather,,,8,,,,,,8,,,,
254,JUM,,1037,1037,Myrmoborus,myotherinus,Passeriformes,Thamnophilidae,,Feather,,,2,,,,,,2,,,,
255,JEJ,,P110380,P110380,Isleria,hauxwelli,Passeriformes,Thamnophilidae,,Feather,,,2,,,,,,2,,,,
256,JUM,,1029,1029,Phlegopsis,erythroptera,Passeriformes,Thamnophilidae,,Feather,,,2,Mesostigmatid,,,1,,3,,,,
257,JEJ,,P110390,P110390,Microcerculus,marginatus,Passeriformes,Troglodytidae,,Feather,,,12,,,,,,12,,,,
258,JUM,,1066,1066,Glyphorynchus,spirurus,Passeriformes,Furnariidae,,Feather,,,7,,,,,,7,,,,
259,JUM,,1053,1053,Glyphorynchus,spirurus,Passeriformes,Furnariidae,,Feather,,,1,,,,,,1,,,,
260,JEJ,,P115901,P115901,Sclerurus,caudacutus,Passeriformes,"Furnariidae
",,Feather,,,548,,,,,,548,,,,
261,JUM,,1051,1051,Pithys,albifrons,Passeriformes,Thamnophilidae,,Feather,,,1,,,,,,1,,,,
262,JUM,,1052,1052,Microcerculus,marginatus,Passeriformes,Troglodytidae,,Feather,,,1,,,,,,1,,,,
263,JUM,,1067,1067,Myrmoborus,myotherinus,Passeriformes,Thamnophilidae,,Feather,,,1,,,,,,1,,,,
264,JUM,V,1099,V1099,Glyphorynchus,spirurus,Passeriformes,Furnariidae,,Feather,,,3,,,,,,3,,,,
265,JUM,,1056,1056,Cnipodectes,subbrunneus,Passeriformes,"Tyrannidae
",,Feather,,,3,,,,,,3,,,,
266,JUM,V,1100?,V1100?,Glyphorynchus,spirurus,Passeriformes,Furnariidae,,Feather,,,1,,,,,,1,,,,
267,JUM,V,1080,V1080,Glyphorynchus,spirurus,Passeriformes,Furnariidae,,Mesostigmatid,,,2,,,,,,2,,,,
268,JUM,,1060,1060,Sclerurus,mexicanus,Passeriformes,"Furnariidae
",two tubes?,Feather,,,1029,,,,,,1029,,,,
269,JEJ,,P115908,P115908,Myrmotherula,axillaris,Passeriformes,Thamnophilidae,,Feather,,,5,,,,,,5,,,,
270,JEJ,,P115909,P115909,Myrmotherula,axillaris,Passeriformes,Thamnophilidae,,Mesostigmatid,,,1,,,,,,1,,,,
271,JEJ,,P115953,P115953,Myrmotherula,axillaris,Passeriformes,Thamnophilidae,,Feather,,,24,,,,,,24,,,,
272,JEJ,,P115954,P115954,Myrmotherula,axillaris,Passeriformes,Thamnophilidae,,Feather,,,5,,,,,,5,,,,
273,JEJ,,P115962,P115962,Willisornis,poecilinotus,Passeriformes,Thamnophilidae,,Feather,,,10,,,,,,10,,,,
274,JEJ,,P115976,P115976,Lanio,versicolor,Passeriformes,"Thraupidae
",,Feather,,,24,Mesostigmatid,,,16,,40,,,,
275,JEJ,,P115979,P115979,Thamnomanes,schistogynus,Passeriformes,Thamnophilidae,,Feather,,,13,Mesostigmatid,,,1,,14,,,,
276,JUM,V,1102,V1102,Selenidera,reinwardtii,Piciformes,"Ramphastidae
",,Feather,,,1,,,,,,1,,,,
277,JUM,V,1256,V1256,Mionectes,oleagineus,Passeriformes,Tyrannidae,,Feather,,,2,Mesostigmatid,,,1,,3,,,,
278,JUM,V,1138,V1138,Geotrygon,montana,Columbiformes,"Columbidae
",,Feather,,,1,,,,,,1,,,,
279,JUM,V,1136,V1136,Pseudopipra,pipra,Passeriformes,Pipridae,,Feather,,,1,,,,,,1,,,,
280,JUM,V,1186,V1186,Glyphorynchus,spirurus,Passeriformes,Furnariidae,,Mesostigmatid,,,5,,,,,,5,,,,
281,JUM,V,1132,V1132,Phaetornis,superciliosus,Apodiformes,Trochilidae,,Mesostigmatid,,,1,,,,,,1,,,,
282,JEJ,,P116000,P116000,Thamnomanes,schistogynus,Passeriformes,Thamnophilidae,,Feather,,,37,,,,,,37,,,,
283,JEJ,,P116087,P116087,Willisornis,poecilinotus,Passeriformes,Thamnophilidae,,Feather,,,6,,,,,,6,,,,
284,JUM,V,1198,V1198,Sclerurus,caudacutus,Passeriformes,"Furnariidae
",,Feather,,,12,,,,,,12,,,,
285,JUM,V,1173,V1173,Glyphorynchus,spirurus,Passeriformes,Furnariidae,,Feather,,,1,,,,,,1,,,,
286,JUM,V,1200,V1200,Willisornis,poecilinotus,Passeriformes,Thamnophilidae,,Feather,,,5,,,,,,5,,,,
287,JUM,V,1206,V1206,Glyphorynchus,spirurus,Passeriformes,Furnariidae,,Feather,,,2,Mesostigmatid,,,1,,3,,,,
288,JUM,,2108,2108,Nonnula,brunnea,Piciformes,"Bucconidae
",,Feather,,,3,,,,,,3,,,,
289,JUM,,1582,1582,Micromonacha,lanceolata,Piciformes,"Bucconidae
",,Mesostigmatid,,,1,,,,,,1,,,,
290,JUM,,4018,4018,Malacoptila,fusca,Piciformes,Bucconidae,,Feather,,,2,,,,,,2,,,,
291,JEJ,SP12,SP120642,SP120642,Rupicola,peruvianus,Passeriformes,"Cotingidae
",,Feather,,,9,,,,,,9,,,,
292,JEJ,SP12,SP120665,SP120665,Rupicola,peruvianus,Passeriformes,"Cotingidae
",,Feather,,,6,,,,,,6,,,,
293,JEJ,SP12,SP120678,SP120678,Rupicola,peruvianus,Passeriformes,"Cotingidae
",,Feather,,,7,Mesostigmatid,,,1,,8,,,,
294,JEJ,SP12,SP120797,SP120797,Rupicola,peruvianus,Passeriformes,"Cotingidae
",,Feather,,,11,,,,,,11,,,,
295,JEJ,SP12,SP120819,SP120819,Rupicola,peruvianus,Passeriformes,"Cotingidae
",,Feather,,,13,,,,,,13,,,,
296,JEJ,SP12,SP120917,SP120917,Malacoptila,fulvogularis,Piciformes,Bucconidae,,Feather,,,1,,,,,,1,,,,
297,JEJ,SP12,SP121176,SP121176,Malacoptila,fulvogularis,Piciformes,Bucconidae,,Mesostigmatid,,,1,,,,,,1,,,,
298,JEJ,SP12,SP121189,SP121189,Malacoptila,fulvogularis,Piciformes,Bucconidae,,Feather,,,5,,,,,,5,,,,
299,JEJ,SP12,SP121276,SP121276,Malacoptila,fulvogularis,Piciformes,Bucconidae,,Feather,,,22,,,,,,22,,,,
300,JEJ,SP12,SP121319,SP121319,Rupicola,peruvianus,Passeriformes,"Cotingidae
",,Feather,,,4,,,,,,4,,,,
301,JEJ,W12,W120481,W120481,Pipreola,intermedia,Passeriformes,"Cotingidae
",,Feather,,,5,,,,,,5,,,,
302,JEJ,W12,W120617,W120617,Pipreola,intermedia,Passeriformes,"Cotingidae
",,Feather,,,2,,,,,,2,,,,
303,JEJ,W12,W120662,W120662,Pipreola,intermedia,Passeriformes,"Cotingidae
",,Feather,,,5,,,,,,5,,,,
304,JEJ,W12,W120693,W120693,Pipreola,intermedia,Passeriformes,"Cotingidae
",,Feather,,,16,Other mite?,,,1,,17,,,,
305,JEJ,W12,W120701,W120701,Pipreola,intermedia,Passeriformes,"Cotingidae
",,Feather,,,6,,,,,,6,,,,
306,JEJ,W12,W120717,W120717,Pipreola,arcuata,Passeriformes,"Cotingidae
",,Feather,,,6,,,,,,6,,,,
307,JEJ,W12,W120722,W120722,Pipreola,arcuata,Passeriformes,"Cotingidae
",,Feather,,,3,,,,,,3,,,,
308,JEJ,W12,W120737,W120737,Pipreola,arcuata,Passeriformes,"Cotingidae
",,Feather,,,8,,,,,,8,,,,
309,JEJ,W12,W120816,W120816,Pipreola,intermedia,Passeriformes,"Cotingidae
",,Feather,,,2,,,,,,2,,,,
310,JEJ,W12,W121017,W121017,Pipreola,intermedia,Passeriformes,"Cotingidae
",,Feather,,,7,,,,,,7,,,,
311,JEJ,W12,W121018,W121018,Pipreola,intermedia,Passeriformes,"Cotingidae
",,Feather,,,21,,,,,,21,,,,
312,JEJ,W12,W121045,W121045,Pipreola,intermedia,Passeriformes,"Cotingidae
",,Feather,,,19,,,,,,19,,,,
313,JEJ,W13,133,W130133,Pipreola,intermedia,Passeriformes,"Cotingidae
",,Feather,,,3,,,,,,3,,,,
314,JEJ,W13,376,W130376,Pipreola,intermedia,Passeriformes,"Cotingidae
",,Feather,,,2,,,,,,2,,,,
315,JEJ,W13,408,W130408,Pipreola,arcuata,Passeriformes,"Cotingidae
",,Feather,,,1,,,,,,1,,,,
316,JEJ,W13,657,W130657,Pipreola,intermedia,Passeriformes,"Cotingidae
",,Feather,,,44,,,,,,44,,,,
317,JEJ,W13,693,W130693,Pipreola,intermedia,Passeriformes,"Cotingidae
",,Feather,,,105,,,,,,105,,,,
318,JEJ,W13,860,W130860,Pipreola,intermedia,Passeriformes,"Cotingidae
",,Feather,,,117,,,,,,117,,,,
319,JEJ,W13,861,W130861,Pipreola,intermedia,Passeriformes,"Cotingidae
",,Feather,,,4,,,,,,4,,,,
320,JEJ,W13,862,W130862,Pipreola,intermedia,Passeriformes,"Cotingidae
",,Feather,,,37,,,,,,37,,,,
321,JEJ,P11,6038,P116038,Thamnomanes,schistogynus,Passeriformes,Thamnophilidae,,Feather,,,14,,,,,,14,,,,
322,JEJ,P11,6078,P116078,Myrmotherula,axillaris,Passeriformes,Thamnophilidae,,Feather,,,62,,,,,,62,,,,
323,JEJ,P11,6080,P116080,Isleria,hauxwelli,Passeriformes,Thamnophilidae,,Feather,,,4,Trombiculid,,,1,,5,,,,
324,JEJ,P11,6119,P116119,Willisornis,poecilinotus,Passeriformes,Thamnophilidae,,Feather,,,6,,,,,,6,,,,
325,JEJ,P11,6154,P116154,Thamnomanes,ardesiacus,Passeriformes,Thamnophilidae,,Feather,,,4,,,,,,4,,,,
326,JEJ,P11,6163,P116163,Thamnomanes,ardesiacus,Passeriformes,Thamnophilidae,,Feather,,,14,,,,,,14,,,,
327,JEJ,P11,6172,P116172,Lanio,versicolor,Passeriformes,"Thraupidae
",,Feather,,,4,,,,,,4,,,,
328,JEJ,P11,6187,P116187,Schiffornis,turdina,Passeriformes,Tityridae,,Feather,,,2,,,,,,2,,,,
329,JEJ,P11,6200,P116200,Willisornis,poecilinotus,Passeriformes,Thamnophilidae,,Feather,,,32,,,,,,32,,,,
330,JEJ,P11,6204,P116204,Chlorothraupis,carmioli,Passeriformes,"Cardinalidae
",,Feather,,,21,,,,,,21,,,,
331,JEJ,P11,6210,P116210,Chlorothraupis,carmioli,Passeriformes,"Cardinalidae
",,Feather,,,11,,,,,,11,,,,
332,JEJ,P11,6211,P116211,Chlorothraupis,carmioli,Passeriformes,"Cardinalidae
",,Feather,,,64,,,,,,64,,,,
333,JEJ,P11,6213,P116213,Chlorothraupis,carmioli,Passeriformes,"Cardinalidae
",,Feather,,,74,other?,,,1,,75,,,,
334,JEJ,P11,6228,P116228,Myiobius,barbatus,Passeriformes,"Tityridae
",,Feather,,,4,,,,,,4,,,,
335,JEJ,P11,6231,P116231,Glyphorynchus,spirurus,Passeriformes,Furnariidae,,Feather,,,9,other?,,,1,,10,,,,
336,JEJ,P11,6232,P116232,Lanio,versicolor,Passeriformes,"Thraupidae
",,Feather,,,30,,,,,,30,,,,
337,JEJ,P11,6246,P116246,Thamnomanes,ardesiacus,Passeriformes,Thamnophilidae,,Feather,,,12,,,,,,12,,,,
338,JEJ,P11,6247,P116247,Willisornis,poecilinotus,Passeriformes,Thamnophilidae,,Feather,,,16,,,,,,16,,,,
339,JEJ,P11,6259,P116259,Myrmotherula,axillaris,Passeriformes,Thamnophilidae,,Feather,,,72,,,,,,72,,,,
340,JEJ,P11,6260,P116260,Corythopis,torquatus,Passeriformes,Tyrannidae,,Feather,,,148,,,,,,148,,,,
341,JEJ,P11,6262,P116262,Schiffornis,turdina,Passeriformes,Tityridae,,Feather,,,3,Trombiculid,,,7,,10,,,,
342,JEJ,P11,6278,P116278,Willisornis,poecilinotus,Passeriformes,Thamnophilidae,,Feather,,,8,,,,,,8,,,,
343,JEJ,P11,6360,P116360,Thamnomanes,schistogynus,Passeriformes,Thamnophilidae,,Feather,,,2,,,,,,2,,,,
344,JEJ,P11,6425,P116425,Hylophylax,naevius,Passeriformes,Thamnophilidae,,Feather,,,2,,,,,,2,,,,
345,JEJ,P11,6453,P116453,Microcerculus,marginatus,Passeriformes,Troglodytidae,,Feather,,,1,,,,,,1,,,,
346,JEJ,P11,6467,P116467,Thamnomanes,schistogynus,Passeriformes,Thamnophilidae,,Feather,,,2,,,,,,2,,,,
347,JEJ,SP11,8,SP110008,Chlorospingus,flavigularis,Passeriformes,"Passerellidae
",,Feather,,,4,,,,,,4,,,,
348,JEJ,SP11,23,SP110023,Tangara,arthus,Passeriformes,Thraupidae,,Feather,,,7,,,,,,7,,,,
349,JEJ,SP11,40,SP110040,Chlorospingus,flavigularis,Passeriformes,"Passerellidae
",,Feather,,,1,,,,,,1,,,,
350,JEJ,SP11,66,SP110066,Chlorospingus,flavigularis,Passeriformes,"Passerellidae
",,Feather,,,1,,,,,,1,,,,
351,JEJ,SP11,70,SP110070,Chlorospingus,flavigularis,Passeriformes,"Passerellidae
",,Feather,,,5,,,,,,5,,,,
352,JEJ,SP11,73,SP110073,Premnoplex,brunnescens,Passeriformes,"Furnariidae
",,Mesostigmatid,,,22,,,,,,22,,,,
353,JEJ,SP11,74,SP110074,Premnoplex,brunnescens,Passeriformes,"Furnariidae
",,Feather,,,37,Mesostigmatid,,,18,,55,,,,
354,JEJ,SP11,80,SP110080,Rhynchocyclus,fulvipectus,Passeriformes,Tyrannidae,,Feather,,,2,,,,,,2,,,,
355,JEJ,SP11,84,SP110084,Myioborus,miniatus,Passeriformes,Parulidae,,Feather,,,12,,,,,,12,,,,
356,JEJ,SP11,86,SP110086,Myioborus,miniatus,Passeriformes,Parulidae,,Feather,,,10,,,,,,10,,,,
357,JEJ,SP11,87,SP110087,Myioborus,miniatus,Passeriformes,Parulidae,,Feather,,,4,,,,,,4,,,,
358,JEJ,SP11,95,SP110095,Rhynchocyclus,fulvipectus,Passeriformes,Tyrannidae,,Feather,,,8,,,,,,8,,,,
359,JEJ,SP11,113,SP110113,Basileuterus,tristriatus,Passeriformes,Parulidae,,Feather,,,1,,,,,,1,,,,
360,JEJ,SP11,108,SP110108,Chlorospingus,opthalmicus,Passeriformes,"Passerellidae
",,Feather,,,69,,,,,,69,,,,
361,JEJ,SP11,186,SP110186,Basileuterus,tristriatus,Passeriformes,Parulidae,,Feather,,,3,,,,,,3,,,,
362,JEJ,SP11,98,SP110098,Eutoxeres,condamini,Passeriformes,Parulidae,,Feather,,,6,,,,,,6,,,,
363,JEJ,SP11,188,SP110188,Anabacerthia,striaticollis,Passeriformes,Furnariidae,,Feather,,,1,,,,,,1,,,,
364,JEJ,SP11,259,SP110259,Hylophylax,naevius,Passeriformes,Thamnophilidae,,Feather,,,3,,,,,,3,,,,
365,JEJ,SP11,101,SP110101,Chlorospingus,flavigularis,Passeriformes,"Passerellidae
",,Feather,,,11,,,,,,11,,,,
366,JEJ,SP11,340,SP110340,Leptopogon,superciliaris,Passeriformes,"Tyrannidae
",,Feather,,,2,,,,,,2,,,,
367,JEJ,SP11,120,SP110120,Chlorospingus,flavigularis,Passeriformes,"Passerellidae
",,Feather,,,9,,,,,,9,,,,
368,JEJ,SP11,130,SP110130,Premnoplex,brunnescens,Passeriformes,"Furnariidae
",,Mesostigmatid,,,36,Feather,,,1,,37,,,,
369,JEJ,SP11,140,SP110140,Premnoplex,brunnescens,Passeriformes,"Furnariidae
",,Mesostigmatid,,,1,,,,,,1,,,,
370,JEJ,SP11,144,SP110144,Basileuterus,tristriatus,Passeriformes,Parulidae,,Feather,,,3,,,,,,3,,,,
371,JEJ,P12,675,P120675,Willisornis,poecilinotus,Passeriformes,Thamnophilidae,,Feather,,,7,,,,,,7,,,,
372,JEJ,P12,781,P120781,Sclerurus,caudacutus,Passeriformes,"Furnariidae
",,Feather,,,1,,,,,,1,,,,
373,JEJ,P12,770,P120770,Microcerculus,marginatus,Passeriformes,Troglodytidae,,Feather,,,1,,,,,,1,,,,
374,JEJ,P12,773,P120773,Hylophylax,naevius,Passeriformes,Thamnophilidae,,Feather,,,9,,,,,,9,,,,
375,JEJ,P12,684,P120684,Hylophilus,ochraceiceps,Passeriformes,Vireonidae,,Feather,,,1,,,,,,1,,,,
376,JEJ,P12,687,P120687,Willisornis,poecilinotus,Passeriformes,Thamnophilidae,,Feather,,,1,,,,,,1,,,,
377,JEJ,P12,714,P120714,Myrmotherula,axillaris,Passeriformes,Thamnophilidae,,Feather,,,1,,,,,,1,,,,
378,JEJ,P12,807,P120807,Isleria,hauxwelli,Passeriformes,Thamnophilidae,,Feather,,,1,,,,,,1,,,,
379,JEJ,P12,818,P120818,Leptopogon,amaurocephalus,Passeriformes,"Tyrannidae
",,Feather,,,11,,,,,,11,,,,
380,JEJ,P12,916,P120916,Thamnomanes,schistogynus,Passeriformes,Thamnophilidae,,Feather,,,52,,,,,,52,,,,
381,JEJ,P12,921,P120921,Thamnomanes,schistogynus,Passeriformes,Thamnophilidae,,Feather,,,13,,,,,,13,,,,
382,JEJ,P12,923,P120923,Thamnomanes,schistogynus,Passeriformes,Thamnophilidae,,Feather,,,37,,,,,,37,,,,
383,JEJ,P12,924,P120924,Thamnomanes,schistogynus,Passeriformes,Thamnophilidae,,Feather,,,21,,,,,,21,,,,
384,JEJ,P12,933,P120933,Myrmotherula,axillaris,Passeriformes,Thamnophilidae,,Feather,,,2,,,,,,2,,,,
385,JEJ,P12,956,P120956,Isleria,hauxwelli,Passeriformes,Thamnophilidae,,Feather,,,2,,,,,,2,,,,
386,JEJ,P12,975,P120975,Lanio,versicolor,Passeriformes,"Thraupidae
",,Feather,,,1,Mesostigmatid,,,1,,2,,,,
387,JEJ,P12,1004,P121004,Hylophylax,naevius,Passeriformes,Thamnophilidae,,Feather,,,1,,,,,,1,,,,
388,JEJ,P12,1007,P121007,Isleria,hauxwelli,Passeriformes,Thamnophilidae,,Feather,,,3,Mesostigmatid,,,1,,4,,,,
389,JEJ,P12,1052,P121052,Corythopis,torquatus,Passeriformes,Tyrannidae,,Feather,,,63,,,,,,63,,,,
390,JEJ,P12,1238,P121238,Glyphorynchus,spirurus,Passeriformes,Furnariidae,,Feather,,,1,,,,,,1,,,,
391,JEJ,P12,1245,P121245,Glyphorynchus,spirurus,Passeriformes,Furnariidae,,Feather,,,11,Mesostigmatid,,,3,,14,,,,
392,JEJ,P12,1262,P121262,Myrmotherula,axillaris,Passeriformes,Thamnophilidae,,Feather,,,3,,,,,,3,,,,
393,JEJ,P12,1271,P121271,Glyphorynchus,spirurus,Passeriformes,Furnariidae,,Feather,,,19,,,,,,19,,,,
394,JEJ,P12,1359,P121359,Glyphorynchus,spirurus,Passeriformes,Furnariidae,,Trombiculid,,,23,Feather/Mesostigmatid,,,1,,24,,,,
395,JEJ,P12,1446,P121446,Myiobius,barbatus,Passeriformes,"Tityridae
",,Feather,,,2,,,,,,2,,,,
396,JEJ,P12,1796,P121796,Isleria,hauxwelli,Passeriformes,Thamnophilidae,,Feather,,,2,,,,,,2,,,,
397,JEJ,P12,1797,P121797,Willisornis,poecilinotus,Passeriformes,Thamnophilidae,,Feather,,,5,,,,,,5,,,,
398,JEJ,P12,1499,P121499,Willisornis,poecilinotus,Passeriformes,Thamnophilidae,,Trombiculid,,,1,Mesostigmatid,,,4,,5,,,,
399,JEJ,P12,1505,P121505,Willisornis,poecilinotus,Passeriformes,Thamnophilidae,,Feather,,,4,,,,,,4,,,,
400,JEJ,P12,1511,P121511,Myiobius,barbatus,Passeriformes,"Tityridae
",,Feather,,,3,,,,,,3,,,,
401,JEJ,P12,1367,P121367,Sclerurus,caudacutus,Passeriformes,"Furnariidae
",,Feather,,,109,,,,,,109,,,,
402,JEJ,P12,1374,P121374,Microcerculus,marginatus,Passeriformes,Troglodytidae,,Feather,,,7,,,,,,7,,,,
403,JEJ,P12,1409,P121409,Myiobius,barbatus,Passeriformes,"Tityridae
",,Feather,,,33,,,,,,33,,,,
404,JEJ,P12,1757,P121757,Isleria,hauxwelli,Passeriformes,Thamnophilidae,,Trombiculid,,,1,,,,,,1,,,,
405,JEJ,SP12,1081,SP121081,Tangara,arthus,Passeriformes,Thraupidae,,Feather,,,19,Mesostigmatid,,,1,,20,,,,
406,JEJ,SP12,1058,SP121058,Pogonotriccus,opthalmicus,Passeriformes,"Tyrannidae
",,Feather,,,3,,,,,,3,,,,
407,JEJ,SP12,1047,SP121047,Pogonotriccus,opthalmicus,Passeriformes,"Tyrannidae
",,Feather,,,4,,,,,,4,,,,
408,JEJ,SP12,911,SP120911,Basileuterus,tristriatus,Passeriformes,Parulidae,,Feather,,,2,,,,,,2,,,,
409,JEJ,SP12,931,SP120931,Basileuterus,tristriatus,Passeriformes,Parulidae,,Feather,,,20,,,,,,20,,,,
410,JEJ,SP12,934,SP120934,Chlorospingus,flavigularis,Passeriformes,"Passerellidae
",,Feather,,,5,,,,,,5,,,,
411,JEJ,SP12,16,SP120016,Premnoplex,brunnescens,Passeriformes,"Furnariidae
",,Mesostigmatid,,,9,,,,,,9,,,,
412,JEJ,SP12,40,SP120040,Chlorospingus,flavigularis,Passeriformes,"Passerellidae
",,Feather,,,1,,,,,,1,,,,
413,JEJ,SP12,69,SP120069,Anabacerthia,striaticollis,Passeriformes,Furnariidae,,Feather,,,11,,,,,,11,,,,
414,JEJ,SP12,72,SP120072,Tangara,arthus,Passeriformes,Thraupidae,,Feather,,,44,,,,,,44,,,,
415,JEJ,SP12,74,SP120074,Pogonotriccus,opthalmicus,Passeriformes,"Tyrannidae
",,Feather,,,52,,,,,,52,,,,
416,JEJ,SP12,76,SP120076,Basileuterus,tristriatus,Passeriformes,Parulidae,,Feather,,,13,,,,,,13,,,,
417,JEJ,SP12,101,SP120101,Premnoplex,brunnescens,Passeriformes,"Furnariidae
",,Feather,,,5,Mesostigmatid,,,19,,24,,,,
418,JEJ,SP12,115,SP120115,Rhynchocyclus,fulvipectus,Passeriformes,Tyrannidae,,Feather,,,1,,,,,,1,,,,
419,JEJ,SP12,636,SP120636,Premnoplex,brunnescens,Passeriformes,"Furnariidae
",,Mesostigmatid,,,141,Feather,,,2,,143,,,,
420,JEJ,SP12,638,SP120638,Premnoplex,brunnescens,Passeriformes,"Furnariidae
",,Mesostigmatid,,,63,Feather,,,1,,64,,,,
421,JEJ,SP12,658,SP120658,Premnoplex,brunnescens,Passeriformes,"Furnariidae
",,Mesostigmatid,,,32,Feather,,,1,,33,,,,
422,JEJ,SP12,662,SP120662,Leptopogon,superciliaris,Passeriformes,"Tyrannidae
",,Feather,,,2,,,,,,2,,,,
423,JEJ,SP12,666,SP120666,Tangara,arthus,Passeriformes,Thraupidae,,Feather,,,5,Oribatida,,,1,,6,,,,
424,JEJ,SP12,669,SP120669,Premnoplex,brunnescens,Passeriformes,"Furnariidae
",,Mesostigmatid,,,52,Feather,,,2,,54,,,,
425,JEJ,SP12,674,SP120674,Premnoplex,brunnescens,Passeriformes,"Furnariidae
",,Mesostigmatid,,,30,,,,,,30,,,,
426,JEJ,SP12,769,SP120769,Premnoplex,brunnescens,Passeriformes,"Furnariidae
",,Mesostigmatid,,,35,Feather,,,5,,40,,,,
427,JEJ,SP12,787,SP120787,Tangara,arthus,Passeriformes,Thraupidae,,Feather,,,1,,,,,,1,,,,
428,JEJ,SP12,792,SP120792,Chlorospingus,flavigularis,Passeriformes,"Passerellidae
",,Feather,,,1,,,,,,1,,,,
429,JEJ,SP12,804,SP120804,Premnoplex,brunnescens,Passeriformes,"Furnariidae
",,Feather,,,1,,,,,,1,,,,
430,JEJ,SP12,857,SP120857,Premnoplex,brunnescens,Passeriformes,"Furnariidae
",,Feather,,,1,Mesostigmatid,,,5,,6,,,,
431,JEJ,SP12,889,SP120889,Leptopogon,superciliaris,Passeriformes,"Tyrannidae
",,Feather,,,1,Trombiculid,,,1,,2,,,,
432,JEJ,SP12,890,SP120890,Premnoplex,brunnescens,Passeriformes,"Furnariidae
",,Mesostigmatid,,,2,,,,,,2,,,,
433,JEJ,SP12,938,SP120938,Chlorospingus,flavigularis,Passeriformes,"Passerellidae
",,Feather,,,15,,,,,,15,,,,
434,JEJ,SP12,993,SP120993,Chlorospingus,flavigularis,Passeriformes,"Passerellidae
",,Feather,,,2,,,,,,2,,,,
435,JEJ,SP12,998,SP120998,Premnoplex,brunnescens,Passeriformes,"Furnariidae
",,Feather,,,5,Mesostigmatid,,,15,,20,,,,
436,JEJ,SP12,1004,SP121004,Premnoplex,brunnescens,Passeriformes,"Furnariidae
",,Mesostigmatid,,,55,Feather,,,1,,56,,,,
437,JEJ,SP12,1023,SP121023,Premnoplex,brunnescens,Passeriformes,"Furnariidae
",,Mesostigmatid,,,18,,,,,,18,,,,
438,JEJ,SP12,1029,SP121029,Rhyncgocyclus,fulvipectus,Passeriformes,Tyrannidae,,Feather,,,4,,,,,,4,,,,
439,JEJ,SP12,1038,SP121038,Leptopogon,superciliaris,Passeriformes,"Tyrannidae
",,Feather,,,4,,,,,,4,,,,
440,JEJ,SP12,1091,SP121091,Leptopogon,superciliaris,Passeriformes,"Tyrannidae
",,Feather,,,1,,,,,,1,,,,
441,JEJ,SP12,1104,SP121104,Tangara,arthus,Passeriformes,Thraupidae,,Feather,,,18,,,,,,18,,,,
442,JEJ,SP12,1138,SP121138,Tangara,arthus,Passeriformes,Thraupidae,,Feather,,,4,,,,,,4,,,,
443,JEJ,SP12,1141,SP121141,Microcerculus,marginatus,Passeriformes,Troglodytidae,,Feather,,,71,,,,,,71,,,,
444,JEJ,SP12,1151,SP121151,Anabacerthia,striaticollis,Passeriformes,Furnariidae,,Feather,,,3,,,,,,3,,,,
445,JUM,V,1225,V1225,Glyphorynchus,spirurus,Passeriformes,Furnariidae,,Mesostigmatid,,,5,,,,,,5,,,,
446,JEJ,SP12,1212,SP121212,Basileuterus,tristriatus,Passeriformes,Parulidae,,Feather,,,4,,,,,,4,,,,
447,JEJ,SP12,1244,SP121244,Microcerculus,marginatus,Passeriformes,Troglodytidae,,Feather,,,2,,,,,,2,,,,
448,JEJ,SP12,1267,SP121267,Premnoplex,brunnescens,Passeriformes,Furnariidae,,Feather,,,6,Mesostigmatid,,,99,,105,,,,
449,JEJ,SP12,1269,SP121269,Premnoplex,brunnescens,Passeriformes,Furnariidae,,Feather,,,122,Mesostigmatid,,,342,,464,,,,
450,JEJ,SP12,1270,SP121270,Premnoplex,brunnescens,Passeriformes,Furnariidae,,Feather,,,3,Mesostigmatid,,,28,,31,,,,
451,JEJ,SP12,1282,SP121282,Premnoplex,brunnescens,Passeriformes,Furnariidae,,Feather,,,17,Mesostigmatid,,,105,,122,,,,
452,JEJ,SP12,1308,SP121308,Tangara,arthus,Passeriformes,Thraupidae,,Feather,,,1,,,,,,1,,,,
453,JEJ,SP12,1322,SP121322,Pogonotriccus,opthalmicus,Passeriformes,"Tyrannidae
",,Feather,,,11,,,,,,11,,,,
454,JEJ,SP12,1333,SP121333,Pogonotriccus,opthalmicus,Passeriformes,"Tyrannidae
",,Feather,,,112,,,,,,112,,,,
455,JEJ,SP12,1337,SP121337,Chlorospingus,flavigularis,Passeriformes,"Passerellidae
",,Feather,,,1,,,,,,1,,,,
456,JEJ,SP12,1360,SP121360,Myioborus,miniatus,Passeriformes,Parulidae,,Feather,,,10,,,,,,10,,,,
457,JEJ,SP12,1362,SP121362,Myioborus,miniatus,Passeriformes,Parulidae,,Feather,,,70,,,,,,70,,,,
458,JEJ,SP12,1407,SP121407,Premnoplex,brunnescens,Passeriformes,Furnariidae,,Feather,,,16,Mesostigmatid,,,27,,43,,,,
459,JEJ,SP12,1412,SP121412,Chlorochrysa,calliparaea,Passeriformes,Thraupidae,,Feather,,,26,,,,,,26,,,,
460,JEJ,SP12,1418,SP121418,Premnoplex,brunnescens,Passeriformes,Furnariidae,,Feather,,,4,Mesostigmatid,,,26,,30,,,,
461,JEJ,SP12,1433,SP121433,Basileuterus,tristriatus,Passeriformes,Parulidae,,Feather,,,17,,,,,,17,,,,
462,JEJ,SP12,1435,SP121435,Basileuterus,tristriatus,Passeriformes,Parulidae,,Feather,,,7,,,,,,7,,,,
463,JEJ,TL12,16,TL120016,Chlorospingus,ophthalmicus,Passeriformes,"Passerellidae
",,Feather,,,21,,,,,,21,,,,
464,JEJ,TL12,20,TL120020,Anabacerthia,striaticollis,Passeriformes,Furnariidae,,Feather,,,2,,,,,,2,,,,
465,JEJ,TL12,33,TL120033,Chlorospingus,ophthalmicus,Passeriformes,"Passerellidae
",,Feather,,,58,Trombiculid,,,1,,59,,,,
466,JEJ,TL12,34,TL120034,Chlorospingus,ophthalmicus,Passeriformes,"Passerellidae
",,Feather,,,1,Trombiculid,,,1,,2,,,,
467,JEJ,TL12,47,TL120047,Premnoplex,brunnescens,Passeriformes,Furnariidae,,Feather,,,7,Mesostigmatid,,,11,,18,,,,
468,JEJ,TL12,52,TL120052,Chlorochrysa,calliparaea,Passeriformes,Thraupidae,,Mesostigmatid,,,16,,,,,,16,,,,
469,JEJ,TL12,54,TL120054,Pyrrhomyias,cinnamomeus,Passeriformes,Tyrannidae,,Feather,,,3,,,,,,3,,,,
470,JEJ,TL12,82,TL120082,Premnoplex,brunnescens,Passeriformes,Furnariidae,,Feather,,,9,Mesostigmatid,,,57,,66,,,,
471,JEJ,TL12,93,TL120093,Chlorochrysa,calliparaea,Passeriformes,Thraupidae,,Feather,,,2,,,,,,2,,,,
472,JEJ,TL12,94,TL120094,Basileuterus,tristriatus,Passeriformes,Parulidae,,Feather,,,5,Trombiculid,,,1,,6,,,,
473,JEJ,TL12,95,TL120095,Basileuterus,tristriatus,Passeriformes,Parulidae,,Feather,,,3,,,,,,3,,,,
474,JEJ,TL12,104,TL120104,Tangara,arthus,Passeriformes,Thraupidae,,Feather,,,12,,,,,,12,,,,
475,JEJ,TL12,111,TL120111,Premnoplex,brunnescens,Passeriformes,"Furnariidae
",,Mesostigmatid,,,198,,,,,,198,,,,
476,JEJ,TU12,65,TU120065,Chlorornis,riefferii,Passeriformes,Thraupidae,,Feather,,,16,,,,,,16,,,,
477,JEJ,TU12,66,TU120066,Chlorornis,riefferii,Passeriformes,Thraupidae,,Feather,,,3,,,,,,3,,,,
478,JEJ,VC12,70,VC120070,Hylophylax,naevius,Passeriformes,"Thamnophilidae
",,Feather,,,68,,,,,,68,,,,
479,JEJ,VC12,99,VC120099,Hylophylax,naevius,Passeriformes,"Thamnophilidae
",,Feather,,,52,,,,,,52,,,,
480,JEJ,W12,305,W120305,Arremon,torquatus,Passeriformes,"Passerellidae
",,Feather,,,5,,,,,,5,,,,
481,JEJ,W12,318,W120318,Anisognathus,igniventris,Passeriformes,"Thraupidae
",,Feather,,,9,,,,,,9,,,,
482,JEJ,W12,319,W120319,Anisognathus,igniventris,Passeriformes,"Thraupidae
",,Feather,,,1,,,,,,1,,,,
483,JEJ,W12,335,W120335,Iridosornis,jelskii,Passeriformes,"Thraupidae
",,Feather,,,1,,,,,,1,,,,
484,JEJ,W12,338,W120338,Iridosornis,jelskii,Passeriformes,"Thraupidae
",,Feather,,,1,,,,,,1,,,,
485,JEJ,W12,412,W120412,Iridosornis,jelskii,Passeriformes,"Thraupidae
",,Feather,,,3,,,,,,3,,,,
486,JEJ,W12,436,W120436,Anisognathus,igniventris,Passeriformes,"Thraupidae
",,Feather,,,1,,,,,,1,,,,
487,JEJ,W12,468,W120468,Iridosornis,jelskii,Passeriformes,"Thraupidae
",,Feather,,,1,,,,,,1,,,,
488,JEJ,W12,474,W120474,Iridosornis,jelskii,Passeriformes,"Thraupidae
",,Feather,,,1,Mesostigmatid,,,1,,2,,,,
489,JEJ,W12,523,W120523,Anisognathus,igniventris,Passeriformes,"Thraupidae
",,Feather,,,23,,,,,,23,,,,
490,JEJ,W12,645,W120645,Arremon,torquatus,Passeriformes,"Passerellidae
",,Feather,,,2,,,,,,2,,,,
491,JEJ,W12,676,W120676,Iridosornis,jelskii,Passeriformes,"Thraupidae
",,Feather,,,2,,,,,,2,,,,
492,JEJ,W12,702,W120702,Anisognathus,igniventris,Passeriformes,"Thraupidae
",,Feather,,,3,,,,,,3,,,,
493,JEJ,W12,709,W120709,Kleinothraupis,atropileus,Passeriformes,"Thraupidae
",,Feather,,,21,,,,,,21,,,,
494,JEJ,W12,719,W120719,Kleinothraupis,atropileus,Passeriformes,"Thraupidae
",,Feather,,,5,,,,,,5,,,,
495,JEJ,W12,750,W120750,Chlorornis,riefferii,Passeriformes,Thraupidae,,Feather,,,6,,,,,,6,,,,
496,JEJ,W12,696,W120696,Kleinothraupis,atropileus,Passeriformes,"Thraupidae
",,Feather,,,1,,,,,,1,,,,
497,JEJ,W12,753,W120753,Kleinothraupis,atropileus,Passeriformes,"Thraupidae
",,Feather,,,85,,,,,,85,,,,
498,JEJ,W12,755,W120755,Chlorornis,riefferii,Passeriformes,Thraupidae,,Mesostigmatid,,,1,,,,,,1,,,,
499,JEJ,W12,760,W120760,Kleinothraupis,atropileus,Passeriformes,"Thraupidae
",,Feather,,,2,,,,,,2,,,,
500,JEJ,W12,764,W120764,Myioborus,melanocephalus,Passeriformes,"Parulidae
",,Feather,,,1,,,,,,1,,,,
501,JEJ,W12,781,W120781,Chlorornis,riefferii,Passeriformes,Thraupidae,,Feather,,,9,,,,,,9,,,,
502,JEJ,W12,790,W120790,Myioborus,melanocephalus,Passeriformes,"Parulidae
",,Feather,,,1,,,,,,1,,,,
503,JEJ,W12,791,W120791,Chlorornis,riefferii,Passeriformes,Thraupidae,,Feather,,,6,,,,,,6,,,,
504,JEJ,W12,875,W120875,Anisognathus,igniventris,Passeriformes,"Thraupidae
",,Oribatida,,,1,,,,,,1,,,,
505,JEJ,W12,877,W120877,Iridosornis,jelskii,Passeriformes,"Thraupidae
",,Feather,,,10,,,,,,10,,,,
506,JEJ,W12,924,W120924,Kleinothraupis,atropileus,Passeriformes,"Thraupidae
",,Feather,,,6,,,,,,6,,,,
507,JEJ,W12,946,W120946,Kleinothraupis,atropileus,Passeriformes,"Thraupidae
",,Feather,,,1,,,,,,1,,,,
508,JEJ,W12,988,W120988,Kleinothraupis,atropileus,Passeriformes,"Thraupidae
",,Feather,,,21,,,,,,21,,,,
509,JEJ,W12,1001,W121001,Kleinothraupis,atropileus,Passeriformes,"Thraupidae
",,Feather,,,30,,,,,,30,,,,
510,JEJ,W12,1016,W121016,Chlorornis,riefferii,Passeriformes,Thraupidae,,Feather,,,15,,,,,,15,,,,
511,JEJ,W12,1048,W121048,Arremon,torquatus,Passeriformes,"Passerellidae
",,Feather,,,81,,,,,,81,,,,
512,JEJ,W12,1044,W121044,Kleinothraupis,atropileus,Passeriformes,"Thraupidae
",,Feather,,,468,,,,,,468,,,,
513,JEJ,W12,1090,W121090,Myioborus,melanocephalus,Passeriformes,"Parulidae
",,Feather,,,5,,,,,,5,,,,
514,JEJ,W12,1223,W121223,Iridosornis,jelskii,Passeriformes,"Thraupidae
",,Feather,,,2,,,,,,2,,,,
515,JEJ,W12,1041,W121041,Mecocerculus,stictopterus,Passeriformes,"Tyrannidae
",,Feather,,,1,,,,,,1,,,,
516,JEJ,W12,1136,W121136,Myioborus,melanocephalus,Passeriformes,"Parulidae
",,Feather,,,12,,,,,,12,,,,
517,JEJ,W12,1161,W121161,Myioborus,melanocephalus,Passeriformes,"Parulidae
",,Feather,,,23,,,,,,23,,,,
518,JEJ,P13,183,P130183,Hylophylax,naevius,Passeriformes,"Thamnophilidae
",,Feather,,,1,,,,,,1,,,,
519,JEJ,P13,157,P130157,Thamnomanes,ardesiacus,Passeriformes,"Thamnophilidae
",,Feather,,,3,,,,,,3,,,,
520,JEJ,P13,50,P130050,Thamnomanes,ardesiacus,Passeriformes,"Thamnophilidae
",,Feather,,,10,,,,,,10,,,,
521,JEJ,P13,25,P130025,Myrmotherula,axillaris,Passeriformes,Thamnophilidae,,Feather,,,4,,,,,,4,,,,
522,JEJ,P13,259,P130259,Myrmotherula,axillaris,Passeriformes,Thamnophilidae,,Feather,,,13,Mesostigmatid,,,1,,14,,,,
523,JEJ,P13,233,P130233,Lanio,versicolor,Passeriformes,"Thraupidae
",,Feather,,,3,,,,,,3,,,,
524,JEJ,P13,253,P130253,Hylophylax,naevius,Passeriformes,"Thamnophilidae
",,Feather,,,24,,,,,,24,,,,
525,JEJ,P13,254,P130254,Microcerculus,marginatus,Passeriformes,Troglodytidae,,Feather,,,11,,,,,,11,,,,
526,JEJ,P13,255,P130255,Microcerculus,marginatus,Passeriformes,Troglodytidae,,Feather,,,4,,,,,,4,,,,
527,JEJ,P13,187,P130187,Hylophylax,naevius,Passeriformes,"Thamnophilidae
",,Feather,,,5,,,,,,5,,,,
528,JEJ,P13,189,P130189,Hylophylax,naevius,Passeriformes,"Thamnophilidae
",,Feather,,,17,,,,,,17,,,,
529,JEJ,P13,301,P130301,Corythopis,torquatus,Passeriformes,"Tyrannidae
",,Feather,,,15,,,,,,15,,,,
530,JEJ,P13,303,P130303,Corythopis,torquatus,Passeriformes,"Tyrannidae
",,Feather,,,2,,,,,,2,,,,
531,JEJ,P13,328,P130328,Corythopis,torquatus,Passeriformes,"Tyrannidae
",,Feather,,,67,,,,,,67,,,,
532,JEJ,P13,330,P130330,Corythopis,torquatus,Passeriformes,"Tyrannidae
",,Feather,,,1,,,,,,1,,,,
533,JEJ,P13,352,P130352,Microcerculus,marginatus,Passeriformes,Troglodytidae,,Feather,,,21,,,,,,21,,,,
534,JEJ,P13,400,P130400,Willisornis,poecilinotus,Passeriformes,Thamnophilidae,,Feather,,,4,,,,,,4,,,,
535,JEJ,P13,405,P130405,Microcerculus,marginatus,Passeriformes,Troglodytidae,,Feather,,,23,Mesostigmatid,,,1,,24,,,,
536,JEJ,P13,439,P130439,Isleria,hauxwelli,Passeriformes,Thamnophilidae,,Mesostigmatid,,,1,,,,,,1,,,,
537,JEJ,P13,442,P130442,Sclerurus,caudacutus,Passeriformes,"Furnariidae
",,Feather,,,112,,,,,,112,,,,
538,JEJ,P13,1053,P131053,Sclerurus,caudacutus,Passeriformes,"Furnariidae
",,Feather,,,1146,,,,,,1146,,,,
539,JEJ,P13,1067,P131067,Sclerurus,caudacutus,Passeriformes,"Furnariidae
",,Feather,,,2266,,,,,,2266,,,,
540,JEJ,SP13,13,SP130013,Chiroxiphia,boliviana,,,,Feather,,,30,,,,,,30,,,,
541,JEJ,W13,63,W130063,Pyrrhomyias,cinnamomeus,Passeriformes,Tyrannidae,,Feather,,,2,Mesostigmatid,,,1,,3,,,,
542,JEJ,W13,80,W130080,Kleinothraupis,atropileus,Passeriformes,"Thraupidae
",,Feather,,,1,,,,,,1,,,,
543,JEJ,W13,142,W130142,Kleinothraupis,atropileus,Passeriformes,"Thraupidae
",,Feather,,,5,,,,,,5,,,,
544,JEJ,W13,143,W130143,Kleinothraupis,atropileus,Passeriformes,"Thraupidae
",,Feather,,,6,,,,,,6,,,,
545,JEJ,W13,145,W130145,Kleinothraupis,atropileus,Passeriformes,"Thraupidae
",,Feather,,,3,,,,,,3,,,,
546,JEJ,W13,232,W130232,Myioborus,melanocephalus,Passeriformes,"Parulidae
",,Feather,,,4,,,,,,4,,,,
547,JEJ,W13,233,W130233,Myioborus,melanocephalus,Passeriformes,"Parulidae
",,Feather,,,1,,,,,,1,,,,
548,JEJ,W13,253,W130253,Chlorornis,riefferii,Passeriformes,Thraupidae,,Feather,,,19,,,,,,19,,,,
549,JEJ,W13,255,W130255,Chlorornis,riefferii,Passeriformes,Thraupidae,,Feather,,,3,,,,,,3,,,,
550,JEJ,W13,256,W130256,Chlorornis,riefferii,Passeriformes,Thraupidae,,Feather,,,4,,,,,,4,,,,
551,JEJ,W13,257,W130257,Myioborus,melanocephalus,Passeriformes,"Parulidae
",,Feather,,,1,,,,,,1,,,,
552,JEJ,W13,286,W130286,Kleinothraupis,atropileus,Passeriformes,"Thraupidae
",,Feather,,,4,,,,,,4,,,,
553,JEJ,W13,287,W130287,Kleinothraupis,atropileus,Passeriformes,"Thraupidae
",,Feather,,,5,,,,,,5,,,,
554,JUM,V12,27,V1227,Myiothlypis,fulvicauda,Passeriformes,"Parulidae
",,Feather,,,1,,,,,,1,,,,
555,JUM,V12,29,V1229,Glyphorynchus,spirurus,Passeriformes,Furnariidae,,Feather,,,2,,,,,,2,,,,
556,JEJ,W13,298,W130298,Arremon,torquatus,Passeriformes,"Passerellidae
",,Feather,,,6,,,,,,6,,,,
557,JEJ,W13,330,W130330,Chlorornis,riefferii,Passeriformes,Thraupidae,,Feather,,,7,,,,,,7,,,,
558,JEJ,W13,349,W130349,Arremon,torquatus,Passeriformes,"Passerellidae
",,Feather,,,14,,,,,,14,,,,
559,JEJ,W13,369,W130369,Kleinothraupis,atropileus,Passeriformes,"Thraupidae
",,Feather,,,3,,,,,,3,,,,
560,JEJ,W13,377,W130377,Arremon,torquatus,Passeriformes,"Passerellidae
",,Feather,,,85,,,,,,85,,,,
561,JEJ,W13,378,W130378,Arremon,torquatus,Passeriformes,"Passerellidae
",,Feather,,,32,,,,,,32,,,,
562,JEJ,W13,417,W130417,Kleinothraupis,atropileus,Passeriformes,"Thraupidae
",,Feather,,,12,,,,,,12,,,,
563,JEJ,W13,429,W130429,Chlorornis,riefferii,Passeriformes,Thraupidae,,Feather,,,7,,,,,,7,,,,
564,JEJ,W13,445,W130445,Anisognathus,igniventris,Passeriformes,"Thraupidae
",,Feather,,,16,,,,,,16,,,,
565,JEJ,W13,453,W130453,Kleinothraupis,atropileus,Passeriformes,"Thraupidae
",,Feather,,,136,,,,,,136,,,,
566,JEJ,W13,497,W130497,Kleinothraupis,atropileus,Passeriformes,"Thraupidae
",,Feather,,,300,,,,,,300,,,,
567,JEJ,W13,560,W130560,Arremon,torquatus,Passeriformes,"Passerellidae
",,Feather,,,2,,,,,,2,,,,
568,JEJ,W13,561,W130561,Arremon,torquatus,Passeriformes,"Passerellidae
",,Feather,,,37,Trombiculid,,,1,,38,,,,
569,JEJ,W13,572,W130572,Arremon,torquatus,Passeriformes,"Passerellidae
",,Feather,,,21,Trombiculid,,,1,,22,,,,
570,JEJ,W13,633,W130633,Myioborus,melanocephalus,Passeriformes,"Parulidae
",,Feather,,,9,,,,,,9,,,,
571,JEJ,W13,637,W130637,Iridosornis,jelskii,Passeriformes,"Thraupidae
",,Feather,,,187,Mesostigmatid,,,2,,189,,,,
572,JEJ,W13,676,W130676,Iridosornis,jelskii,Passeriformes,"Thraupidae
",,Feather,,,41,,,,,,41,,,,
573,JEJ,W13,826,W130826,Kleinothraupis,atropileus,Passeriformes,"Thraupidae
",,Feather,,,515,,,,,,515,,,,
574,JEJ,W13,677,W130677,Chlorornis,riefferii,Passeriformes,Thraupidae,,Feather,,,191,,,,,,191,,,,
575,JEJ,W13,700,W130700,Chlorornis,riefferii,Passeriformes,Thraupidae,,Feather,,,27,,,,,,27,,,,
576,JEJ,W13,753,W130753,Pyrrhomyias,cinnamomeus,Passeriformes,"Tyrannidae
",,Feather,,,10,,,,,,10,,,,
577,JEJ,P11,129,P110129,Leptopogon,amaurocephalus,Passeriformes,"Tyrannidae
",,Feather,,,2,,,,,,2,,,,
578,JEJ,W13,824,W130824,Kleinothraupis,atropileus,Passeriformes,"Thraupidae
",,Feather,,,41,,,,,,41,,,,
579,JEJ,P11,406,P110406,Leptopogon,amaurocephalus,Passeriformes,"Tyrannidae
",,Feather,,,5,,,,,,5,,,,
580,JEJ,P11,5912,P115912,Leptopogon,amaurocephalus,Passeriformes,"Tyrannidae
",,Feather,,,23,Trombiculid,,,1,,24,,,,
581,JEJ,W13,897,W130897,Iridosornis,jelskii,Passeriformes,"Thraupidae
",,Feather,,,53,,,,,,53,,,,
582,JEJ,W13,898,W130898,Iridosornis,jelskii,Passeriformes,"Thraupidae
",,Feather,,,115,,,,,,115,,,,
583,JEJ,W13,914,W130914,Iridosornis,jelskii,Passeriformes,"Thraupidae
",,Feather,,,47,,,,,,47,,,,
584,JEJ,W13,920,W130920,Iridosornis,jelskii,Passeriformes,"Thraupidae
",,Feather,,,19,,,,,,19,,,,
585,JEJ,W13,939,W130939,Anisognathus,igniventris,Passeriformes,"Thraupidae
",,Feather,,,132,,,,,,132,,,,
586,JEJ,P11,6216,P116216,Leptopogon,amaurocephalus,Passeriformes,"Tyrannidae
",,Feather,,,6,Trombiculid,,,1,,7,,,,
587,JEJ,P11,6225,P116225,Leptopogon,amaurocephalus,Passeriformes,"Tyrannidae
",,Feather,,,26,,,,,,26,,,,
588,JEJ,P12,659,P120659,Leptopogon,amaurocephalus,Passeriformes,"Tyrannidae
",,Feather ,,,25,,,,,,25,,,,
589,JEJ,P12,679,P120679,Leptopogon,amaurocephalus,Passeriformes,"Tyrannidae
",,Feather,,,17,,,,,,17,,,,
590,JEJ,P12,736,P120736,Leptopogon,amaurocephalus,Passeriformes,"Tyrannidae
",,Feather,,,4,,,,,,4,,,,
591,JEJ,P12,812,P120812,Leptopogon,amaurocephalus,Passeriformes,"Tyrannidae
",,Oribatida,,,1,,,,,,1,,,,
592,JEJ,P12,922,P120922,Leptopogon,amaurocephalus,Passeriformes,"Tyrannidae
",,Feather,,,5,,,,,,5,,,,
593,JEJ,P12,1030,P121030,Leptopogon,amaurocephalus,Passeriformes,"Tyrannidae
",,Feather,,,1,,,,,,1,,,,
594,JEJ,P12,1751,P121751,Leptopogon,amaurocephalus,Passeriformes,"Tyrannidae
",,Feather,,,8,,,,,,8,,,,
595,JEJ,P13,379,P130379,Leptopogon,amaurocephalus,Passeriformes,"Tyrannidae
",,Feather,,,3,,,,,,3,,,,
596,JEJ,P11,28,P110028,Pipra,fasciicauda,Passeriformes,Pipridae,,Feather,,,14,,,,,,14,,,,
597,JEJ,P11,34,P110034,Ceratopipra ,chloromeros,Passeriformes,Pipridae,,Feather,,,3,Oribatida,,,5,,8,,,,2
598,JEJ,P11,37,P110037,Habia,rubica,Passeriformes,"Cardinalidae
",,Feather,,,16,Oribatida,,,3,,19,,,,
599,JEJ,P11,41,P110041,Lepidothrix,coronata,Passeriformes,Pipridae,,Feather,,,7,Trombiculid/Oribatida,,,1,,8,,,,
600,JEJ,P11,42,P110042,Momotus,momota,Coraciiformes,Momotidae,,Oribatida,,,1,,,,,,1,,,,2
601,JEJ,P11,43,P110043,Myrmotherula,longipennis,Passeriformes,Thamnophilidae,,Feather,,,2,,,,,,2,,,,
602,JEJ,P11,49,P110049,Habia,rubica,Passeriformes,Cardinalidae,,Feather,,,6,,,,,,6,,,,
603,JEJ,P11,53,P110053,Ceratopipra ,chloromeros,Passeriformes,Pipridae,,Feather,,,3,Unknown,,,1,,4,,,,
604,JEJ,P11,55,P110055,Mionectes,macconnelli,Passeriformes,Tyrannidae,,Feather,,,17,,,,,,17,,,,
605,JEJ,P11,57,P110057,Geotrygon,montana,Columbiformes,"Columbidae
",,Feather,,,1,Unknown,,,1,,2,,,,
606,JEJ,P11,58,P110058,Geotrygon,montana,Columbiformes,"Columbidae
",,Feather,,,53,Trombiculid,,,3,,56,,,,
607,JEJ,P11,59,P110059,Lepidothrix,coronata,Passeriformes,Pipridae,,Feather,,,2,,,,,,2,,,,
608,JEJ,P11,60,P110060,Psarocolius,angustifrons,Passeriformes,Icteridae,,Mesostigmatid,,,1,Feather,,,2,,3,,,,
609,JEJ,P11,63,P110063,Lepidothrix,coronata,Passeriformes,Pipridae,,Feather,,,3,,,,,,3,,,,
610,JEJ,P11,67,P110067,Habia,rubica,Passeriformes,Cardinalidae,,Feather,,,48,Oribatida,,,1,,49,,,,
611,JEJ,P11,68,P110068,Momotus,momota,Coraciiformes,Momotidae,,Oribatida,,,1,,,,,,1,,,,
612,JEJ,P11,69,P110069,Habia,rubica,Passeriformes,Cardinalidae,,Feather,,,33,,,,,,33,,,,
613,JEJ,P11,87,P110087,Habia,rubica,Passeriformes,Cardinalidae,,Feather,,,2,,,,,,2,,,,
614,JEJ,P11,90,P110090,Pipra,fasciicauda,Passeriformes,Pipridae,,Oribatida (shell),,,1,,,,,,1,,,,
615,JEJ,P11,88,P110088,Terenotriccus,erythrurus,Passeriformes,"Tityridae
",,Feather,,,3,,,,,,3,,,,
616,JEJ,P11,95,P110095,Ramphotrigon,fuscicauda,Passeriformes,Tyrannidae,,Trombiculid,,,8,Feather,,,1,,9,,,,
617,JEJ,P11,98,P110098,Pipra,fasciicauda,Passeriformes,Pipridae,,Feather,,,26,,,,,,26,,,,
618,JEJ,P11,100,P110100,Terenotriccus,erythrurus,Passeriformes,"Tityridae
",,Feather,,,10,,,,,,10,,,,
619,JEJ,P11,102,P110102,Myrmoborus,myotherinus,Passeriformes,Thamnophilidae,,Feather,,,30,Trombiculid,,,1,,31,,,,
620,JEJ,P11,103,P110103,Pipra,fasciicauda,Passeriformes,Pipridae,,Feather,,,52,Oribatida,,,1,,53,,,,
621,JEJ,P11,107,P110107,Geotrygon,montana,Columbiformes,"Columbidae
",,Feather,,,9,,,,,,9,,,,
622,JEJ,P11,108,P110108,Laniocera,hypopyrra,Passeriformes,"Tityridae
",,Feather,,,1,,,,,,1,,,,
623,JEJ,P11,124,P110124,Pipra,fasciicauda,Passeriformes,Pipridae,,Feather,,,15,,,,,,15,,,,
624,JEJ,P11,133,P110133,Pipra,fasciicauda,Passeriformes,Pipridae,,Feather ,,,19,,,,,,19,,,,
625,JEJ,P11,137,P110137,Tangara,schrankii,Passeriformes,Thraupidae,,Feather,,,4,,,,,,4,,,,
626,JEJ,P11,138,P110138,Mionectes,macconnelli,Passeriformes,Tyrannidae,,Feather,,,1,,,,,,1,,,,
627,JEJ,P11,144,P110144,Turdus,albicollis,Passeriformes,Turdidae,,Feather ,,,3,,,,,,3,,,,
628,JEJ,P11,156,P110156,Pteroglossus,azara,Piciformes,Ramphastidae,,Mesostigmatid,,,1,Trombiculid,,,1,Feather,2,,9,,
629,JEJ,P11,157,P110157,Pteroglossus,azara,Piciformes,Ramphastidae,,Feather,,,3,,,,,,3,,,,
630,JEJ,P11,166,P110166,Turdus,albicollis,Passeriformes,Turdidae,,Feather,,,5,,,,,,5,,,,
631,JEJ,P11,174,P110174,Synallaxis,cabanisi,Passeriformes,Furnariidae,,Feather,,,10,,,,,,10,,,,
632,JEJ,P11,175,P110175,Lepidothrix,coronata,Passeriformes,Pipridae,,Feather,,,2,,,,,,2,,,,
633,JEJ,P11,185,P110185,Mionectes,oleagineus,Passeriformes,Tyrannidae,,Feather,,,6,,,,,,6,,,,
634,JUM,V,1239,V1239,Cacicus,cela,Passeriformes,Icteridae,,Feather,,,3,Trombiculid,,,1,,4,,,,
635,JUM,V,1268,V1268,Xiphorhynchus,elegans,Passeriformes,Furnariidae,,Feather,,,8,,,,,,8,,,,
636,JUM,V,1288,V1288,Thamnophilus,murinus,Passeriformes,Thamnophilidae,,Feather,,,2,,,,,,2,,,,
637,JUM,V,1235,V1235,Xiphorhynchus,elegans,Passeriformes,Furnariidae,,Feather,,,5,Trombiculid,,,1,,6,,,,
638,JUM,V,1244,V1244,Glyphorynchus,spirurus,Passeriformes,Furnariidae,,Mesostigmatid,,,2,,,,,,2,,,,
639,JUM,V,1264,V1264,Dendrocincla,fuliginosa,Passeriformes,"Furnariidae
",,Feather,,,1,,,,,,1,,,,
640,JUM,V,1220,V1220,Dendrocincla,merula,Passeriformes,"Furnariidae
",,Feather,,,1,,,,,,1,,,,
641,JEJ,P11,190,P110190,Lepidothrix,coronata,Passeriformes,Pipridae,,Feather,,,5,,,,,,5,,,,
642,JEJ,P11,192,P110192,Mionectes,macconnelli,Passeriformes,Tyrannidae,,Feather ,,,4,,,,,,4,,,,
643,JEJ,P11,193,P110193,Pipra,fasciicauda,Passeriformes,Pipridae,,Feather,,,20,,,,,,20,,,,
644,JEJ,P11,198,P110198,Mionectes,oleagineus,Passeriformes,Tyrannidae,"(could me P110203), bad labels",Feather,,,1,,,,,,1,,,,
645,JEJ,P11,198,P110203,Mionectes,oleagineus,Passeriformes,Tyrannidae,"(could me P110198), bad labels",Feather,,,27,,,,,,27,,,,
646,JEJ,P11,207,P110207,Pteroglossus,beauharnaisii,Piciformes,Ramphastidae,,Feather,,,10,,,,,,10,,,,
647,JEJ,P11,208,P110208,Pteroglossus,beauharnaisii,Piciformes,Ramphastidae,,Feather,,,11,,,,,,11,,,,
648,JEJ,P11,222,P110222,Mionectes,oleagineus,Passeriformes,Tyrannidae,,Feather,,,11,,,,,,11,,,,
649,JEJ,P11,232,P110232,Automolus,ochrolaemus,Passeriformes,Furnariidae,,Feather,,,1,,,,,,1,,,,
650,JEJ,P11,246,P110246,Ceratopipra ,chloromeros,Passeriformes,Pipridae,,Feather,,,6,,,,,,6,,,,
651,JEJ,P11,256,P110256,Oneillornis,salvini,Passeriformes,Thamnophilidae,,Feather,,,1,,,,,,1,,,,
652,JEJ,P11,258,P110258,Lepidothrix,coronata,Passeriformes,Pipridae,,Feather,,,1,,,,,,1,,,,
653,JEJ,P11,269,P110269,Lepidothrix,coronata,Passeriformes,Pipridae,,Feather,,,1,,,,,,1,,,,
654,JEJ,P11,273,P110273,Euphonia,xanthogaster,Passeriformes,Fringillidae,,Feather,,,19,,,,,,19,,,,
655,JEJ,P11,278,P110278,Ceratopipra ,chloromeros,Passeriformes,Pipridae,,Feather,,,1,,,,,,1,,,,
656,JEJ,P11,293,P110293,Oneillornis,salvini,Passeriformes,Thamnophilidae,,Feather,,,1,,,,,,1,,,,
657,JEJ,P11,294,P110294,Terenotriccus,erythrurus,Passeriformes,"Tityridae
",,Feather,,,16,,,,,,16,,,,
658,JEJ,P11,295,P110295,Catharus,ustulatus,Passeriformes,Turdidae,,Feather,,,20,,,,,,20,,,,
659,JEJ,P11,296,P110296,Thamnophilus,schistaceus,Passeriformes,Thamnophilidae,,Feather,,,15,,,,,,15,,,,
660,JEJ,P11,311,P110311,Mionectes,oleagineus,Passeriformes,Tyrannidae,,Feather,,,1,,,,,,1,,,,
661,JEJ,P11,317,P110317,Lepidothrix,coronata,Passeriformes,Pipridae,,Feather,,,1,,,,,,1,,,,
662,JEJ,P11,322,P110322,Pipra,fasciicauda,Passeriformes,Pipridae,,Feather,,,3,,,,,,3,,,,
663,JEJ,P11,323,P110323,Arremon,taciturnus,Passeriformes,Passerellidae,,Feather,,,16,Oribatida,,,1,,17,,,,
664,JEJ,P11,325,P110325,Thamnophilus,schistaceus,Passeriformes,Thamnophilidae,,Feather,,,1,,,,,,1,,,,
665,JEJ,P11,330,P110330,Campylopterus,largipennis,Apodiformes,Trochilidae,,Feather,,,24,,,,,,24,,,,
666,JEJ,P11,331,P110331,Pipra,fasciicauda,Passeriformes,Pipridae,,Feather,,,7,,,,,,7,,,,
667,JEJ,P11,332,P110332,Pipra,fasciicauda,Passeriformes,Pipridae,,Feather,,,6,,,,,,6,,,,
668,JEJ,P11,333,P110333,Lepidothrix,coronata,Passeriformes,Pipridae,,Feather,,,5,Oribatida,,,1,,6,,,,
669,JEJ,P11,334,P110334,Turdus,albicollis,Passeriformes,Turdidae,,Feather,,,5,Trombiculid,,,1,,6,,,,
670,JEJ,P11,338,P110338,Mionectes,oleagineus,Passeriformes,Tyrannidae,,Feather,,,2,Oribatida,,,1,,3,,,,
671,JEJ,P11,343,P110343,Lepidothrix,coronata,Passeriformes,Pipridae,,Oribatida,,,1,,,,,,1,,,,
672,JEJ,P11,346,P110346,Arremon,taciturnus,Passeriformes,Passerellidae,,Feather,,,15,Trombiculid,,,1,,16,,,,
673,JEJ,P11,348,P110348,Mionectes,oleagineus,Passeriformes,Tyrannidae,missing tube?,Feather,,,,,,,,,0,,,,
674,JEJ,P11,357,P110357,Ceratopipra ,chloromeros,Passeriformes,Pipridae,,Feather,,,9,Oribatida,,,1,,10,,,,
675,JEJ,P11,360,P110360,Ceratopipra ,chloromeros,Passeriformes,Pipridae,,Feather,,,38,,,,,,38,,,,
676,JEJ,P11,361,P110361,Ceratopipra ,chloromeros,Passeriformes,Pipridae,,Feather,,,53,,,,,,53,,,,
677,JEJ,P11,364,P110364,Aulacorhynchus,prasinus,Piciformes,Ramphastidae,,Feather,,,1,,,,,,1,,,,
678,JEJ,P11,367,P110367,Xenops,minutus,Passeriformes,Furnariidae,,Feather,,,2,Oribatida,,,1,,3,,,,
679,JEJ,P11,373,P110373,Tangara,schrankii,Passeriformes,Thraupidae,,Feather,,,1,,,,,,1,,,,
680,JEJ,P11,375,P110375,Mionectes,oleagineus,Passeriformes,Tyrannidae,,Feather,,,2,,,,,,2,,,,
681,JEJ,P11,392,P110392,Catharus,ustulatus,Passeriformes,Turdidae,,Feather,,,10,Trombiculid,,,1,,11,,,,
682,JEJ,P11,396,P110396,Epinecrophylla,erythrura,Passeriformes,Thamnophilidae,,Oribatida,,,1,,,,,,1,,,,
683,JEJ,P11,399,P110399,Mionectes,macconnelli,Passeriformes,Tyrannidae,,Mesostigmatid,,,3,Feather,,,2,,5,,,,
684,JEJ,P11,402,P110402,Catharus,ustulatus,Passeriformes,Turdidae,,Feather,,,63,Trombiculid,,,3,,66,,1,,
685,JEJ,P11,404,P110404,Mionectes,oleagineus,Passeriformes,Tyrannidae,,Mesostigmatid,,,1,Feather,,,1,,2,,,,
686,JEJ,P11,405,P110405,Cyanocompsa,cyanoides,Passeriformes,Cardinalidae,,Feather,,,59,,,,,,59,,,,
687,JEJ,P11,412,P110412,Ceratopipra ,chloromeros,Passeriformes,Pipridae,,Feather,,,1,Unknown,,,1,,2,,,,
688,JEJ,P11,417,P110417,Geotrygon,montana,Columbiformes,"Columbidae
",,Feather,,,3,Oribatida,,,2,,5,,,,
689,JEJ,P11,418,P110418,Thamnophilus,schistaceus,Passeriformes,Thamnophilidae,,Unknown,,,1,,,,,,1,,,,
690,JEJ,P11,420,P110420,Mionectes,macconnelli,Passeriformes,Tyrannidae,,Mesostigmatid,,,1,Oribatida,,,1,Feather,2,,1,,
691,JEJ,P11,422,P110422,Lepidothrix,coronata,Passeriformes,Pipridae,,Feather,,,1,,,,,,1,,,,
692,JEJ,P11,424,P110424,Saltator,maximus,Passeriformes,Thraupidae,,Feather,,,1,Oribatida,,,1,,2,,,,
693,JEJ,P11,5895,P115895,Mionectes ,olivaceus,Passeriformes,Tyrannidae,,Feather,,,1,Oribatida (shell),,,1,,2,,,,
694,JEJ,P11,5906,P115906,Mionectes,macconnelli,Passeriformes,Tyrannidae,,Feather,,,501,Unknown,,,1,,502,,,,
695,JEJ,P11,5910,P115910,Cyanocompsa,cyanoides,Passeriformes,Cardinalidae,,Feather,,,277,Oribatida (shell),,,1,,278,,,,
696,JEJ,P11,5919,P115919,Mionectes,olivaceus,Passeriformes,Tyrannidae,,Feather,,,148,Unknown,,,1,,149,,,,
697,JEJ,P11,5925,P115925,Phlegopsis,nigromaculata,Passeriformes,Thamnophilidae,,Feather,,,13,Trombiculid,,,2,Unknown,15,,2,,
698,JEJ,P11,5929,P115929,Automolus,melanopezus,Passeriformes,Furnariidae,,Feather,,,151,,,,,,151,,,,
699,JEJ,P11,5932,P115932,Mionectes,macconnelli,Passeriformes,Tyrannidae,,Feather,,,353,,,,,,353,,,,
700,JEJ,P11,5935,P115935,Xenops,minutus,Passeriformes,Furnariidae,,Feather,,,32,Oribatida,,,1,,33,,,,
701,JEJ,P11,5936,P115936,Sclerurus,mexicanus,Passeriformes,"Furnariidae
",,Feather,,,255,,,,,,255,,,,
702,JEJ,P11,5937,P115937,Syndactyla ,ucayalae,Passeriformes,"Furnariidae
",,Feather,,,248,,,,,,248,,,,
703,JEJ,P11,5940,P115940,Percnostola,goeldii,Passeriformes,Thamnophilidae,,Feather,,,11,,,,,,11,,,,
704,JEJ,P11,5942,P115942,Thamnophilus,schistaceus,Passeriformes,Thamnophilidae,,Feather,,,8,,,,,,8,,,,
705,JEJ,P11,5944,P115944,Mionectes,macconnelli,Passeriformes,Tyrannidae,,Feather,,,5,,,,,,5,,,,
706,JEJ,P11,5945,P115945,Thamnophilus,schistaceus,Passeriformes,Thamnophilidae,,Trombiculid,,,2,,,,,,2,,,,
707,JEJ,P11,5948,P115948,Terenotriccus,erythrurus,Passeriformes,"Tityridae
",,Feather,,,48,,,,,,48,,,,
708,JEJ,P11,5950,P115950,Oneillornis,salvini,Passeriformes,Thamnophilidae,,Oribatida,,,1,,,,,,1,,,,
709,JEJ,P11,5952,P115952,Pipra,fasciicauda,Passeriformes,Pipridae,,Feather,,,16,,,,,,16,,,,
710,JEJ,P11,5955,P115955,Ceratopipra ,chloromeros,Passeriformes,Pipridae,,Feather,,,22,,,,,,22,,,,
711,JEJ,P11,5956,P115956,Pipra,fasciicauda,Passeriformes,Pipridae,,Feather,,,14,,,,,,14,,,,
712,JEJ,P11,5958,P115958,Mionectes,oleagineus,Passeriformes,Tyrannidae,,Feather,,,78,Mesostigmatid,,,1,,79,,,,
713,JEJ,P11,5959,P115959,Mionectes,macconnelli,Passeriformes,Tyrannidae,,Feather,,,268,,,,,,268,,,,
714,JEJ,P11,5960,P115960,Mionectes,macconnelli,Passeriformes,Tyrannidae,,Feather,,,73,Unknown,,,2,,75,,,,
715,JEJ,P11,5964,P115964,Pipra,fasciicauda,Passeriformes,Pipridae,,Feather,,,107,,,,,,107,,,,
716,JEJ,P11,5984,P115984,Cyphorhinus,arada,Passeriformes,Troglodytidae,,Feather,,,47,Mesostigmatid,,,5,,52,,,,
717,JEJ,P11,5991,P115991,Percnostola,goeldii,Passeriformes,Thamnophilidae,,Feather,,,13,,,,,,13,,,,
718,JEJ,P11,5993,P115993,Thamnophilus,schistaceus,Passeriformes,Thamnophilidae,,Feather,,,31,Oribatida,,,1,,32,,,,
719,JEJ,P11,5999,P115999,Anabazenops,dorsalis,Passeriformes,Furnariidae,,Feather,,,1,Unknown,,,1,,2,,,,
720,JEJ,P11,6004,P116004,Mionectes,macconnelli,Passeriformes,Tyrannidae,,Feather,,,71,,,,,,71,,,,
721,JEJ,P11,6005,P116005,Oneillornis,salvini,Passeriformes,Thamnophilidae,,Feather,,,12,,,,,,12,,,,
722,JEJ,P11,6007,P116007,Mionectes,oleagineus,Passeriformes,Tyrannidae,,Feather,,,12,,,,,,12,,,,
723,JEJ,P11,6012,P116012,Pipra,fasciicauda,Passeriformes,Pipridae,,Feather,,,90,Oribatida,,,2,,92,,,,
724,JEJ,P11,6013,P116013,Lepidothrix,coronata,Passeriformes,Pipridae,,Feather,,,25,,,,,,25,,,,
725,JEJ,P11,6014,P116014,Pipra,fasciicauda,Passeriformes,Pipridae,,Feather,,,27,,,,,,27,,,,
726,JEJ,P11,6019,P116019,Mionectes,macconnelli,Passeriformes,Tyrannidae,,Feather,,,425,,,,,,425,,,,
727,JEJ,P11,6022,P116022,Pipra,fasciicauda,Passeriformes,Pipridae,,Feather,,,7,,,,,,7,,,,
728,JEJ,P11,6030,P116030,Myrmoborus,myotherinus,Passeriformes,Thamnophilidae,,Feather,,,24,,,,,,24,,,,
729,JEJ,P11,6034,P116034,Dendroma,rufa,Passeriformes,"Furnariidae
",,Feather,,,34,,,,,,34,,,,
730,JEJ,P11,6037,P116037,Epinecrophylla,leucophthalma,Passeriformes,Thamnophilidae,,Feather,,,4,,,,,,4,,,,
731,JEJ,P11,6041,P116041,Arremon,taciturnus,Passeriformes,Passerellidae,,Feather,,,7,,,,,,7,,,,
732,JEJ,P11,6043,P116043,Myrmoborus,myotherinus,Passeriformes,Thamnophilidae,,Feather,,,1,,,,,,1,,,,
733,JEJ,P11,6048,P116048,Deconychura,longicauda,Passeriformes,"Furnariidae
",,Feather,,,4,,,,,,4,,,,
734,JEJ,P11,6049,P116049,Piprites,chloris,Passeriformes,Tyrannidae,,Feather,,,53,Oribatida,,,1,,54,,,,
735,JEJ,P11,6051,P116051,Lepidothrix,coronata,Passeriformes,Pipridae,,Feather,,,27,,,,,,27,,,,
736,JEJ,P11,6053,P116053,Ceratopipra ,chloromeros,Passeriformes,Pipridae,,Feather,,,16,,,,,,16,,,,
737,JEJ,P11,6054,P116054,Ceratopipra ,chloromeros,Passeriformes,Pipridae,,Feather,,,53,,,,,,53,,,,
738,JEJ,P11,6057,P116057,Automolus,infuscatus,Passeriformes,Furnariidae,,Feather,,,69,,,,,,69,,,,
739,JEJ,P11,6058,P116058,Habia,rubica,Passeriformes,Cardinalidae,,Feather,,,94,,,,,,94,,,,
740,JEJ,P11,6059,P116059,Laniocera,hypopyrra,Passeriformes,"Tityridae
",,Feather,,,50,,,,,,50,,,,
741,JEJ,P11,6068,P116068,Mionectes,olivaceus,Passeriformes,Tyrannidae,,Feather,,,80,,,,,,80,,,,
742,JEJ,P11,6079,P116079,Oneillornis,salvini,Passeriformes,Thamnophilidae,,Feather,,,25,,,,,,25,,,,
743,JEJ,P11,6082,P116082,Conopophaga,peruviana,Passeriformes,Conopophagidae,,Feather,,,58,,,,,,58,,,,
744,JEJ,P11,6085,P116085,Habia,rubica,Passeriformes,Cardinalidae,,Feather,,,26,,,,,,26,,,,
745,JEJ,P11,6092,P116092,Dichrozona,cincta,Passeriformes,Thamnophilidae,,Feather,,,46,,,,,,46,,,,
746,JEJ,P11,6094,P116094,Mionectes,macconnelli,Passeriformes,Tyrannidae,,Feather,,,135,,,,,,135,,,,
747,JEJ,P11,6096,P116096,Xenops,minutus,Passeriformes,Furnariidae,,Feather,,,567,,,,,,567,,,,
748,JEJ,P11,6097,P116097,Xenops,minutus,Passeriformes,Furnariidae,,Feather,,,2,,,,,,2,,,,
749,JEJ,P11,6110,P116110,Mionectes,olivaceus,Passeriformes,Tyrannidae,,Feather,,,6,,,,,,6,,,,
750,JEJ,P11,6120,P116120,Thamnophilus,schistaceus,Passeriformes,Thamnophilidae,,Feather,,,8,,,,,,8,,,,
751,JEJ,P11,6111,P116111,Pipra,fasciicauda,Passeriformes,Pipridae,,Feather,,,98,,,,,,98,,,,
752,JEJ,P11,6112,P116112,Mionectes,macconnelli,Passeriformes,Tyrannidae,,Feather,,,18,,,,,,18,,,,
753,JEJ,P11,6115,P116115,Arremon,taciturnus,Passeriformes,Passerellidae,,Feather,,,92,,,,,,92,,,,
754,JEJ,P11,6116,P116116,Myrmoborus,lophotes,Passeriformes,Thamnophilidae,,Feather,,,431,,,,,,431,,,,
755,JEJ,P11,6121,P116121,Pipra,fasciicauda,Passeriformes,Pipridae,,Feather,,,8,,,,,,8,,,,
756,JEJ,P11,6131,P116131,Laniocera,hypopyrra,Passeriformes,"Tityridae
",,Feather,,,1,Oribatida,,,1,,2,,,,
757,JEJ,P11,6150,P116150,Oneillornis,salvini,Passeriformes,Thamnophilidae,,Feather,,,12,,,,,,12,,,,
758,JEJ,P11,6151,P116151,Oneillornis,salvini,Passeriformes,Thamnophilidae,,Feather,,,2,,,,,,2,,,,
759,JEJ,P11,6152,P116152,Oneillornis,salvini,Passeriformes,Thamnophilidae,,Feather,,,8,Oribatida,,,2,,10,,,,
760,JEJ,P11,6206,P116206,Sciaphylax,hemimelaena,Passeriformes,Thamnophilidae,,Feather,,,31,,,,,,31,,,,
761,JEJ,P11,6215,P116215,Oneillornis,salvini,Passeriformes,Thamnophilidae,,Feather,,,4,,,,,,4,,,,
762,JEJ,P11,6245,P116245,Automolus,ochrolaemus,Passeriformes,Furnariidae,,Feather,,,24,,,,,,24,,,,
763,JEJ,P11,6261,P116261,Deconychura,longicauda,Passeriformes,"Furnariidae
",,Mesostigmatid,,,46,Feather,,,171,,217,,,,
764,JEJ,P11,6276,P116276,Automolus,ochrolaemus,Passeriformes,Furnariidae,,Feather,,,33,,,,,,33,,,,
765,JEJ,P11,6287,P116287,Automolus,ochrolaemus,Passeriformes,Furnariidae,,Feather,,,98,Oribatida,,,1,,99,,,,
766,JEJ,P11,6325,P116325,Oneillornis,salvini,Passeriformes,Thamnophilidae,,Feather,,,6,,,,,,6,,,,
767,JEJ,P12,615,P120615,Arremon,taciturnus,Passeriformes,Passerellidae,,Feather,,,1,,,,,,1,,,,
768,JEJ,P12,621,P120621,Sciaphylax,hemimelaena,Passeriformes,Thamnophilidae,,Feather,,,1,,,,,,1,,,,
769,JEJ,P12,629,P120629,Percnostola,goeldii,Passeriformes,Thamnophilidae,,Feather,,,5,,,,,,5,,,,
770,JEJ,P12,703,P120703,Glyphorynchus,spirurus,Passeriformes,Furnariidae,,Oribatida,,,1,,,,,,1,,,,
771,JEJ,P12,676,P120676,Phlegopsis,nigromaculata,Passeriformes,Thamnophilidae,,Feather,,,1,,,,,,1,,,,
772,JEJ,P12,685,P120685,Myrmotherula,menetriesii,Passeriformes,Thamnophilidae,,Feather,,,1,,,,,,1,,,,
773,JEJ,P12,695,P120695,Myrmotherula,longipennis,Passeriformes,Thamnophilidae,,Feather,,,1,,,,,,1,,,,
774,JEJ,P12,711,P120711,Automolus,ochrolaemus,Passeriformes,Furnariidae,,Feather,,,8,,,,,,8,,,,
775,JEJ,P12,712,P120712,Habia,rubica,Passeriformes,Cardinalidae,,Feather,,,180,,,,,,180,,,,
776,JEJ,P12,716,P120716,Pipra,fasciicauda,Passeriformes,Pipridae,,Feather,,,1,,,,,,1,,,,
777,JEJ,P12,744,P120744,Terenotriccus,erythrurus,Passeriformes,"Tityridae
",,Feather,,,4,,,,,,4,,,,
778,JEJ,P12,779,P120779,Arremon,taciturnus,Passeriformes,Passerellidae,,Feather,,,3,,,,,,3,,,,
779,JEJ,P12,795,P120795,Xiphorhynchus,elegans,Passeriformes,Furnariidae,,Feather,,,23,,,,,,23,,,,
780,JEJ,P12,790,P120790,Arremon,taciturnus,Passeriformes,Passerellidae,,Oribatida,,,1,,,,,,1,,,,
781,JEJ,P12,799,P120799,Myrmotherula,menetriesii,Passeriformes,Thamnophilidae,,Feather,,,1,,,,,,1,,,,
782,JEJ,P12,814,P120814,Habia,rubica,Passeriformes,Cardinalidae,,Feather,,,18,,,,,,18,,,,
783,JEJ,P12,870,P120870,Ramphotrigon,fuscicauda,Passeriformes,Tyrannidae,,Feather,,,6,Mesostigmatid,,,1,,7,,,,
784,JEJ,P12,913,P120913,Habia,rubica,Passeriformes,Cardinalidae,,Feather,,,18,,,,,,18,,,,
785,JEJ,P12,920,P120920,Arremon,taciturnus,Passeriformes,Passerellidae,,Feather,,,6,,,,,,6,,,,
786,JEJ,P12,1042,P121042,Arremon,taciturnus,Passeriformes,Passerellidae,,Feather,,,6,,,,,,6,,,,
787,JEJ,P12,1135,P121135,Phlegopsis,nigromaculata,Passeriformes,Thamnophilidae,,Feather,,,1,,,,,,1,,,,
788,JEJ,P12,1399,P121399,Xiphorhynchus,elegans,Passeriformes,Furnariidae,,Feather,,,1,,,,,,1,,,,
789,JEJ,P12,1417,P121417,Arremon,taciturnus,Passeriformes,Passerellidae,,Feather,,,7,,,,,,7,,,,
790,JEJ,P12,1430,P121430,Arremon,taciturnus,Passeriformes,Passerellidae,,Feather,,,1,,,,,,1,,,,
791,JEJ,P12,1508,P121508,Oneillornis,salvini,Passeriformes,Thamnophilidae,,Feather,,,1,,,,,,1,,,,
792,JEJ,P12,1575,P121575,Tangara,schrankii,Passeriformes,Thraupidae,,Feather,,,2,Oribatida,,,1,,3,,,,
793,JEJ,P12,1580,P121580,Terenotriccus,erythrurus,Passeriformes,"Tityridae
",,Feather,,,6,,,,,,6,,,,
794,JEJ,P13,2,P130002,Rhytipterna,simplex,Passeriformes,Tyrannidae,,Feather,,,2,,,,,,2,,,,
795,JEJ,P13,3,P130003,Oneillornis,salvini,Passeriformes,Thamnophilidae,,Feather,,,1,,,,,,1,,,,
796,JEJ,P13,60,P130060,Thamnophilus,schistaceus,Passeriformes,Thamnophilidae,,Feather,,,5,,,,,,5,,,,
797,JEJ,P13,298,P130298,Oneillornis,salvini,Passeriformes,Thamnophilidae,,Feather,,,28,,,,,,28,,,,
798,JEJ,P13,269,P130269,Arremon,taciturnus,Passeriformes,Passerellidae,,Feather,,,3,,,,,,3,,,,
799,JEJ,P13,182,P130182,Oneillornis,salvini,Passeriformes,Thamnophilidae,,Feather,,,15,,,,,,15,,,,
800,JEJ,P13,67,P130067,Thamnophilus,schistaceus,Passeriformes,Thamnophilidae,,Feather,,,1,,,,,,1,,,,
801,JEJ,P13,131,P130131,Arremon,taciturnus,Passeriformes,Passerellidae,,Feather,,,1,,,,,,1,,,,
802,JEJ,P13,155,P130155,Oneillornis,salvini,Passeriformes,Thamnophilidae,,Feather,,,1,,,,,,1,,,,
803,JEJ,P13,180,P130180,Oneillornis,salvini,Passeriformes,Thamnophilidae,,Feather,,,1,,,,,,1,,,,
804,JEJ,SP12,1342,SP121342,Myrmotherula,schisticolor,Passeriformes,Thamnophilidae,,Feather,,,12,,,,,,12,,,,
805,JEJ,SP12,1402,SP121402,Myiothlypis,coronata,Passeriformes,Parulidae,,Feather,,,2,,,,,,2,,,,
806,JEJ,SP12,1325,SP121325,Cyphorhinus,thoracicus,Passeriformes,Troglodytidae,,Feather,,,12,Mesostigmatid,,,13,,25,,,,
807,JEJ,P13,334,P130334,Rhytipterna,simplex,Passeriformes,Tyrannidae,,Feather,,,3,Mesostigmatid,,,1,,4,,,,
808,JEJ,P13,351,P130351,Arremon,taciturnus,Passeriformes,Passerellidae,,Feather,,,6,,,,,,6,,,,
809,JEJ,P13,353,P130353,Automolus,ochrolaemus,Passeriformes,Furnariidae,,Feather,,,1,,,,,,1,,,,
810,JEJ,P13,443,P130443,Phlegopsis,nigromaculata,Passeriformes,Thamnophilidae,,Feather,,,4,,,,,,4,,,,
811,JEJ,P13,392,P130392,Deconychura,longicauda,Passeriformes,"Furnariidae
",,Feather,,,5,,,,,,5,,,,
812,JEJ,P13,803,P130803,Ramphotrigon,fuscicauda,Passeriformes,Tyrannidae,,Feather,,,37,,,,,,37,,,,
813,JEJ,P13,887,P130887,Sciaphylax,hemimelaena,Passeriformes,Thamnophilidae,,Feather,,,1,,,,,,1,,,,
814,JEJ,SP11,4,SP110004,Trichothraupis,melanops,Passeriformes,Thraupidae,,Feather,,,58,,,,,,58,,,,
815,JEJ,SP11,9,SP110009,Myiothlypis,coronata,Passeriformes,Parulidae,,Feather,,,12,,,,,,12,,,,
816,JEJ,SP11,17,SP110017,Myiothlypis,coronata,Passeriformes,Parulidae,,Feather,,,1,,,,,,1,,,,
817,JEJ,SP11,27,SP110027,Thripadectes,melanorhynchus,Passeriformes,Furnariidae,,Feather,,,3,,,,,,3,,,,
818,JEJ,SP11,39,SP110039,Thripadectes,melanorhynchus,Passeriformes,Furnariidae,,Feather,,,2,,,,,,2,,,,
819,JEJ,SP11,38,SP110038,Trichothraupis,melanops,Passeriformes,Thraupidae,,Feather,,,1,,,,,,1,,,,
820,JEJ,SP11,69,SP110069,Thripadectes,melanorhynchus,Passeriformes,Furnariidae,,Feather,,,1,,,,,,1,,,,
821,JEJ,SP11,94,SP110094,Cyphorhinus,thoracicus,Passeriformes,Troglodytidae,,Feather,,,1,,,,,,1,,,,
822,JEJ,SP11,41,SP110041,Myiothlypis,coronata,Passeriformes,Parulidae,,Feather,,,4,,,,,,4,,,,
823,JEJ,SP11,42,SP110042,Cyphorhinus,thoracicus,Passeriformes,Troglodytidae,,Feather,,,28,Mesostigmatid,,,6,,34,,,,
824,JEJ,SP11,47,SP110047,Thripadectes,melanorhynchus,Passeriformes,Furnariidae,,Feather,,,2,,,,,,2,,,,
825,JEJ,SP11,126,SP110126,Cyphorhinus,thoracicus,Passeriformes,Troglodytidae,,Feather,,,7,,,,,,7,,,,
826,JEJ,SP11,320,SP110320,Trichothraupis,melanops,Passeriformes,Thraupidae,,Feather,,,4,,,,,,4,,,,
827,JEJ,SP11,159,SP110159,Myiothlypis,bivittata,Passeriformes,Parulidae,,Feather,,,4,,,,,,4,,,,
828,JEJ,SP11,367,SP110367,Thripadectes,melanorhynchus,Passeriformes,Furnariidae,,Feather?,,,1,,,,,,1,,,,
829,JEJ,SP12,57,SP120057,Myiothlypis,coronata,Passeriformes,Parulidae,,Feather,,,2,Oribatida,,,1,,3,,,,
830,JEJ,SP12,65,SP120065,Lophotriccus,pileatus,Passeriformes,Tyrannidae,,Feather,,,2,,,,,,2,,,,
831,JEJ,SP12,80,SP120080,Myiothlypis,coronata,Passeriformes,Parulidae,,Feather,,,6,,,,,,6,,,,
832,JEJ,SP12,62,SP120062,Trichothraupis,melanops,Passeriformes,Thraupidae,,Feather,,,76,,,,,,76,,,,
833,JEJ,SP12,660,SP120660,Myiothlypis,bivittata,Passeriformes,Parulidae,,Feather,,,6,,,,,,6,,,,
834,JEJ,SP12,670,SP120670,Trichothraupis,melanops,Passeriformes,Thraupidae,,Feather,,,7,,,,,,7,,,,
835,JEJ,SP12,809,SP120809,Myiothlypis,bivittata,Passeriformes,Parulidae,,Feather,,,4,,,,,,4,,,,
836,JEJ,SP12,778,SP120778,Myiothlypis,coronata,Passeriformes,Parulidae,,Feather,,,2,,,,,,2,,,,
837,JEJ,SP12,54,SP120054,Myiothlypis,coronata,Passeriformes,Parulidae,,Feather,,,43,,,,,,43,,,,
838,JEJ,SP12,764,SP120764,Trichothraupis,melanops,Passeriformes,Thraupidae,,Feather,,,2,Oribatida (?),,,2,,4,,,,
839,JEJ,SP12,859,SP120859,Myiothlypis,bivittata,Passeriformes,Parulidae,,Feather,,,4,unknown,,,1,,5,,,,
840,JEJ,SP12,772,SP120772,Lophotriccus,pileatus,Passeriformes,Tyrannidae,,Feather,,,1,,,,,,1,,,,
841,JEJ,SP12,1000,SP121000,Myiothlypis,coronata,Passeriformes,Parulidae,,Feather,,,3,,,,,,3,,,,
842,JEJ,SP12,954,SP120954,Thripadectes,melanorhynchus,Passeriformes,Furnariidae,,Feather,,,7,,,,,,7,,,,
843,JEJ,SP12,1001,SP121001,Cyphorhinus,thoracicus,Passeriformes,Troglodytidae,,Feather,,,6,Oribatida/ Mesostigmatid,,,1,,7,,,,
844,JEJ,SP12,943,SP120943,Myiothlypis,coronata,Passeriformes,Parulidae,,Feather,,,7,,,,,,7,,,,
845,JEJ,SP12,1002,SP121002,Thripadectes,melanorhynchus,Passeriformes,Furnariidae,,Unknown,,,2,,,,,,2,,,,
846,JEJ,SP12,1019,SP121019,Thripadectes,melanorhynchus,Passeriformes,Furnariidae,,Feather,,,4,Trombiculid,,,1,,5,,,,
847,JEJ,SP12,1022,SP121022,Trichothraupis,melanops,Passeriformes,Thraupidae,,Feather,,,3,,,,,,3,,,,
848,JEJ,SP12,1025,SP121025,Cyphorhinus,thoracicus,Passeriformes,Troglodytidae,,Mesostigmatid,,,20,,,,,,20,,,,
849,JEJ,SP12,1031,SP121031,Cyphorhinus,thoracicus,Passeriformes,Troglodytidae,,Mesostigmatid,,,16,Feather,,,38,,54,,,,
850,JEJ,SP12,1046,SP121046,Thripadectes,melanorhynchus,Passeriformes,Furnariidae,,Trombiculid,,,1,Mesostigmatid/ Feather,,,1,,2,,,,
851,JEJ,SP12,1057,SP121057,Cyphorhinus,thoracicus,Passeriformes,Troglodytidae,,Feather,,,30,,,,,,30,,,,
852,JEJ,SP12,1059,SP121059,Cyphorhinus,thoracicus,Passeriformes,Troglodytidae,,Mesostigmatid,,,2,,,,,,2,,,,
853,JEJ,SP12,1064,SP121064,Cyphorhinus,thoracicus,Passeriformes,Troglodytidae,,Feather,,,229,,,,,,229,,,,
854,JEJ,SP12,1065,SP121065,Cyphorhinus,thoracicus,Passeriformes,Troglodytidae,,Feather,,,78,,,,,,78,,,,
855,JEJ,SP12,1066,SP121066,Cyphorhinus,thoracicus,Passeriformes,Troglodytidae,,Mesostigmatid,,,31,Feather,,,54,,85,,,,
856,JEJ,SP12,1077,SP121077,Myiothlypis,bivittata,Passeriformes,Parulidae,,Feather,,,2,,,,,,2,,,,
857,JEJ,SP12,1079,SP121079,Myiothlypis,bivittata,Passeriformes,Parulidae,,Feather,,,21,,,,,,21,,,,
858,JEJ,SP12,1117,SP121117,Myiothlypis,bivittata,Passeriformes,Parulidae,,Feather,,,19,Mesostigmatid,,,1,,20,,,,
859,JEJ,SP12,1172,SP121172,Lophotriccus,pileatus,Passeriformes,Tyrannidae,,Feather,,,1,,,,,,1,,,,
860,JEJ,SP12,1216,SP121216,Myrmotherula,schisticolor,Passeriformes,Thamnophilidae,,Feather,,,4,,,,,,4,,,,
861,JEJ,SP12,1185,SP121185,Myrmotherula,schisticolor,Passeriformes,Thamnophilidae,,Feather,,,9,Mesostigmatid,,,1,,10,,,,
862,JEJ,SP12,1210,SP121210,Myiothlypis,bivittata,Passeriformes,Parulidae,,Feather,,,42,Mesostigmatid,,,1,,43,,,,
863,JEJ,SP12,1226,SP121226,Myrmotherula,longicauda,Passeriformes,Thamnophilidae,,Feather,,,3,,,,,,3,,,,
864,JEJ,SP12,1273,SP121273,Cyphorhinus,thoracicus,Passeriformes,Troglodytidae,,Feather,,,16,Mesostigmatid,,,83,,99,,,,
865,JEJ,P11,6148,P116148,Mionectes,oleagineus,Passeriformes,Tyrannidae,,Feather,,,10,Oribatida,,,1,,11,,,,
866,JEJ,P11,6149,P116149,Myrmoborus,myotherinus,Passeriformes,Thamnophilidae,,Feather,,,125,,,,,,125,,,,
867,JEJ,P11,6155,P116155,Percnostola,fortis,Passeriformes,Thamnophilidae,,Feather,,,46,Mesostigmatid,,,1,,47,,,,
868,JEJ,P11,6169,P116167,Mionectes,oleagineus,Passeriformes,Tyrannidae,,Feather,,,18,,,,,,18,,,,
869,JEJ,P11,6171,P116171,Ceratopipra ,chloromeros,Passeriformes,Pipridae,,Feather,,,1,,,,,,1,,,,
870,JEJ,P11,6177,P116177,Lepidothrix,coronata,Passeriformes,Pipridae,,Feather,,,1,,,,,,1,,,,
871,JEJ,P11,6183,P116183,Mionectes,olivaceus,Passeriformes,Tyrannidae,,Feather,,,12,,,,,,12,,,,
872,JEJ,P11,6186,P116186,Mionectes,olivaceus,Passeriformes,Tyrannidae,,Feather,,,82,,,,,,82,,,,
873,JEJ,P11,6220,P116220,Rhegmatorhina,melanosticta,Passeriformes,Thamnophilidae,,Feather,,,123,,,,,,123,,,,
874,JEJ,P11,6221,P116221,Rhegmatorhina,melanosticta,Passeriformes,Thamnophilidae,,Feather,,,19,,,,,,19,,,,
875,JEJ,P11,6222,P116222,Rhegmatorhina,melanosticta,Passeriformes,Thamnophilidae,,Feather,,,153,,,,,,153,,,,
876,JEJ,P11,6223,P116223,Thalurania,furcata,Apodiformes,Trochilidae,,Feather,,,24,,,,,,24,,,,
877,JEJ,P11,6218,P116218,Rhegmatorhina,melanosticta,Passeriformes,Thamnophilidae,,Feather,,,9,,,,,,9,,,,
878,JEJ,P11,6233,P116233,Mionectes,olivaceus,Passeriformes,Tyrannidae,,Feather,,,14,,,,,,14,,,,
879,JEJ,P12,616,P120616,Ancistrops,strigilatus,Passeriformes,Furnariidae,,Feather,,,8,,,,,,8,,,,
880,JEJ,P12,704,P120704,Mionectes,striaticollis,Passeriformes,Tyrannidae,,Feather,,,1003,,,,,,1003,,,,
881,JEJ,P12,0844A,P120844A,Cyanoloxia,cyanoides,Passeriformes,Cardinalidae,,Feather,,,24,,,,,,24,,,,
882,JEJ,P12,1028,P121028,Ancistrops,strigilatus,Passeriformes,Furnariidae,,Feather,,,4,,,,,,4,,,,
883,JEJ,P13,185,P130185,Cyanoloxia,cyanoides,Passeriformes,Cardinalidae,,Feather,,,16,,,,,,16,,,,
884,JEJ,P13,219,P130219,Cyanoloxia,cyanoides,Passeriformes,Cardinalidae,,Feather,,,3,,,,,,3,,,,
885,JEJ,P13,491,P130491,Rhegmatorhina,melanosticta,Passeriformes,Thamnophilidae,,Feather,,,2,,,,,,2,,,,
886,JEJ,SP11,11,SP110011,Sphenopsis,melanotis,Passeriformes,Thraupidae,,Trombiculid,,,1,Feather,,,4,,5,,,,
887,JEJ,P13,372,P130372,Mionectes,olivaceus,Passeriformes,Tyrannidae,,Feather,,,18,,,,,,18,,,,
888,JEJ,SP11,28,SP110028,Sphenopsis,melanotis,Passeriformes,Thraupidae,,Feather,,,5,,,,,,5,,,,
889,JEJ,SP11,124,SP110124,Sphenopsis,melanotis,Passeriformes,Thraupidae,,Feather,,,1,,,,,,1,,,,
890,JEJ,SP11,164,SP110164,Sporophila,nigricollis,Passeriformes,Thraupidae,,Feather,,,16,,,,,,16,,,,
891,JEJ,SP11,196,SP110196,Sporophila,nigricollis,Passeriformes,Thraupidae,,Feather,,,1,,,,,,1,,,,
892,JEJ,SP12,55,SP120055,Sphenopsis,melanotis,Passeriformes,Thraupidae,,Feather,,,2,,,,,,2,,,,
893,JEJ,SP12,70,SP120070,Diglossa,glauca,Passeriformes,Thraupidae,,Feather,,,118,,,,,,118,,,,
894,JEJ,SP12,1054,SP121054,Ammodramus,aurifrons,Passeriformes,Emberizidae,,Feather,,,1,,,,,,1,,,,
895,JEJ,SP12,1114,SP121114,Mionectes,olivaceus,Passeriformes,Tyrannidae,,Feather,,,13,,,,,,13,,,,
896,JEJ,SP12,1171,SP121171,Mionectes,olivaceus,Passeriformes,Tyrannidae,,Feather,,,12,,,,,,12,,,,
897,JEJ,SP12,1215,SP121215,Sphenopsis,melanotis,Passeriformes,Thraupidae,,Feather,,,26,,,,,,26,,,,
898,JEJ,SP12,1239,SP121239,Mionectes,olivaceus,Passeriformes,Tyrannidae,,Feather,,,2,,,,,,2,,,,
899,JEJ,SP12,1331,SP121331,Cyanerpes,caeruleus,Passeriformes,Thraupidae,,Feather,,,3,,,,,,3,,,,
900,JEJ,SP12,1361,SP121361,Sphenopsis,melanotis,Passeriformes,Thraupidae,,Feather,,,35,,,,,,35,,,,
901,JEJ,TL12,60,TL120060,Iridosornis,analis,Passeriformes,Thraupidae,,Feather,,,23,,,,,,23,,,,
902,JEJ,TL12,62,TL120062,Iridosornis,analis,Passeriformes,Thraupidae,,Feather,,,3,,,,,,3,,,,
903,JEJ,TU12,49,TU120049,Buthraupis,montana,Passeriformes,Thraupidae,,Feather,,,1,,,,,,1,,,,
904,JEJ,TU12,59,TU120059,Sphenopsis,melanotis,Passeriformes,Thraupidae,,Feather,,,2,,,,,,2,,,,
905,JEJ,VC12,88,VC120088,Mionectes,olivaceus,Passeriformes,Tyrannidae,,Feather,,,2,,,,,,2,,,,
906,JEJ,VC12,108,VC120108,Mionectes,olivaceus,Passeriformes,Tyrannidae,,Feather,,,16,,,,,,16,,,,
907,JEJ,W12,518,W120518,Sporathraupis ,cyanocephala,Passeriformes,Thraupidae,,Feather,,,28,,,,,,28,,,,
908,JEJ,W12,525,W120525,Sporathraupis ,cyanocephala,Passeriformes,Thraupidae,,Feather,,,66,,,,,,66,,,,
909,JEJ,W12,530,W120530,Sporathraupis ,cyanocephala,Passeriformes,Thraupidae,,Feather,,,2,,,,,,2,,,,
910,JEJ,W12,691,W120691,Dubusia,taeniata,Passeriformes,Thraupidae,,Feather,,,52,,,,,,52,,,,
911,JEJ,W12,715,W120715,Haplospiza,rustica,Passeriformes,Thraupidae,,Feather,,,28,,,,,,28,,,,
912,JEJ,W12,826,W120826,Haplospiza,rustica,Passeriformes,Thraupidae,,Feather,,,18,,,,,,18,,,,
913,JEJ,W13,188,W130188,Sporathraupis ,cyanocephala,Passeriformes,Thraupidae,,Feather,,,2,,,,,,2,,,,
914,JEJ,W13,234,W130234,Buthraupis,montana,Passeriformes,Thraupidae,,Feather,,,4,,,,,,4,,,,
915,JEJ,W13,515,W130515,Haplospiza,rustica,Passeriformes,Thraupidae,,Feather,,,6,,,,,,6,,,,
916,JEJ,W13,566,W130566,Sporathraupis ,cyanocephala,Passeriformes,Thraupidae,,Feather,,,7,,,,,,7,,,,
917,JEJ,W13,559,W130559,Sporathraupis ,cyanocephala,Passeriformes,Thraupidae,,Feather,,,3,,,,,,3,,,,
918,JEJ,W13,603,W130603,Sporathraupis ,cyanocephala,Passeriformes,Thraupidae,,Feather,,,3,,,,,,3,,,,
919,JEJ,W13,623,W130623,Sporathraupis ,cyanocephala,Passeriformes,Thraupidae,,Feather,,,43,,,,,,43,,,,
920,JEJ,W13,648,W130648,Sporathraupis ,cyanocephala,Passeriformes,Thraupidae,,Feather,,,87,,,,,,87,,,,
921,JEJ,W13,654,W130654,Sporathraupis ,cyanocephala,Passeriformes,Thraupidae,,Feather,,,25,,,,,,25,,,,
922,JEJ,W13,850,W130850,Haplospiza,rustica,Passeriformes,Thraupidae,,Feather,,,90,,,,,,90,,,,