,sample,species,degree,w_degree,elevation
385,P115940,Akletos_goeldii,6,0.459902462,397
397,P115991,Akletos_goeldii,6,0.459902462,397
437,P120612,Akletos_goeldii,9,0.758936278,438
439,P120629,Akletos_goeldii,9,0.758936278,438
90,SP110188,Anabacerthia_striaticollis,67,8.122886626,1337
167,SP121151,Anabacerthia_striaticollis,67,8.122886626,1339
254,SP13006,Anabacerthia_striaticollis,67,8.122886626,1362
153,SP120861,Anabacerthia_striaticollis,67,8.122886626,1376
72,SP110022,Anabacerthia_striaticollis,67,8.122886626,1383
1,SP120069,Anabacerthia_striaticollis,67,8.122886626,1387
183,TL120020,Anabacerthia_striaticollis,68,8.271053919,1514
190,TL120075,Anabacerthia_striaticollis,50,6.655030198,1735
196,TL120109,Anabacerthia_striaticollis,50,6.655030198,1735
533,P121028,Ancistrops_strigilatus,10,0.844945752,421
532,P120616,Ancistrops_strigilatus,10,0.844945752,438
218,W120702,Anisognathus_igniventris,36,5.223060518,2742
219,W120703,Anisognathus_igniventris,36,5.223060518,2742
266,W130270,Anisognathus_igniventris,37,5.270679565,2743
209,W120436,Anisognathus_igniventris,37,5.270679565,2816
210,W120445,Anisognathus_igniventris,37,5.270679565,2816
230,W120875,Anisognathus_igniventris,35,5.199170478,2973
295,W130939,Anisognathus_igniventris,35,5.199170478,2973
277,W130445,Anisognathus_igniventris,31,4.755477215,3013
352,P110323,Arremon_taciturnus,18,1.583508787,410
468,P130269,Arremon_taciturnus,18,1.583508787,410
362,P110359,Arremon_taciturnus,18,1.583508787,414
466,P121756,Arremon_taciturnus,18,1.583508787,414
426,P116115,Arremon_taciturnus,18,1.583508787,415
459,P121354,Arremon_taciturnus,18,1.583508787,415
472,P130351,Arremon_taciturnus,18,1.583508787,415
457,P121042,Arremon_taciturnus,18,1.583508787,421
360,P110346,Arremon_taciturnus,19,2.083508787,432
438,P120615,Arremon_taciturnus,19,2.083508787,438
455,P120920,Arremon_taciturnus,19,2.083508787,438
237,W121048,Arremon_torquatus,10,0.555642463,2650
238,W121047,Arremon_torquatus,10,0.555642463,2650
258,W130118,Arremon_torquatus,10,0.555642463,2650
280,W130560,Arremon_torquatus,10,0.555642463,2650
281,W130561,Arremon_torquatus,10,0.555642463,2650
282,W130572,Arremon_torquatus,10,0.555642463,2650
260,W130297,Arremon_torquatus,10,0.555642463,2788
267,W130298,Arremon_torquatus,10,0.555642463,2788
215,W120645,Arremon_torquatus,10,0.555642463,3013
269,W130349,Atlapetes_melanolaemus,44,5.005543452,2681
413,P116057,Automolus_infuscatus,55,5.499888859,415
25,P115929,Automolus_melanopezus,20,1.736322145,397
323,P110111,Automolus_ochrolaemus,44,3.982948199,397
327,P110142,Automolus_ochrolaemus,74,6.057794909,413
444,P120711,Automolus_ochrolaemus,76,6.125611001,415
473,P130353,Automolus_ochrolaemus,76,6.125611001,415
339,P110232,Automolus_ochrolaemus,76,6.157794909,422
432,P116254,Automolus_ochrolaemus,72,5.798623237,600
434,P116276,Automolus_ochrolaemus,67,5.23819591,837
435,P116287,Automolus_ochrolaemus,67,5.23819591,837
367,P110376,Automolus_subulatus,40,3.837536501,414
89,SP110186,Basileuterus_tristriatus,59,7.372313671,1337
95,SP110144,Basileuterus_tristriatus,59,7.372313671,1362
136,SP120076,Basileuterus_tristriatus,60,7.400091448,1387
86,SP110113,Basileuterus_tristriatus,60,7.400091448,1395
126,SP120911,Basileuterus_tristriatus,60,7.400091448,1395
129,SP120931,Basileuterus_tristriatus,60,7.400091448,1395
168,SP121212,Basileuterus_tristriatus,61,7.462591448,1418
180,SP121433,Basileuterus_tristriatus,60,7.59063163,1573
181,SP121435,Basileuterus_tristriatus,60,7.59063163,1573
193,TL120094,Basileuterus_tristriatus,45,6.394010444,1735
194,TL120095,Basileuterus_tristriatus,45,6.394010444,1735
556,W130234,Buthraupis_montana,40,5.679869177,2521
551,TU120049,Buthraupis_montana,43,5.940081596,2728
552,TU120050,Buthraupis_montana,43,5.940081596,2728
553,W120483,Buthraupis_montana,40,5.755359373,2816
492,P110034,Ceratopipra_chloromeros,0,0,381
493,P110053,Ceratopipra_chloromeros,0,0,381
494,P110110,Ceratopipra_chloromeros,4,0.171811594,397
497,P110122,Ceratopipra_chloromeros,4,0.171811594,397
513,P115955,Ceratopipra_chloromeros,4,0.171811594,397
504,P110356,Ceratopipra_chloromeros,5,0.204069659,414
505,P110357,Ceratopipra_chloromeros,5,0.204069659,414
506,P110360,Ceratopipra_chloromeros,5,0.204069659,414
507,P110361,Ceratopipra_chloromeros,5,0.204069659,414
490,P120863,Ceratopipra_chloromeros,5,0.204069659,415
514,P116053,Ceratopipra_chloromeros,5,0.204069659,415
517,P116054,Ceratopipra_chloromeros,5,0.204069659,415
500,P110246,Ceratopipra_chloromeros,5,0.204069659,422
501,P110278,Ceratopipra_chloromeros,5,0.204069659,422
508,P110412,Ceratopipra_chloromeros,5,0.204069659,422
499,P110210,Ceratopipra_chloromeros,5,0.204069659,438
521,P116171,Ceratopipra_chloromeros,5,0.204069659,600
187,TL120052,Chlorochrysa_calliparaea,78,10.20903393,1514
192,TL120093,Chlorochrysa_calliparaea,58,8.358692249,1735
262,W130253,Chlorornis_riefferii,44,6.185077763,2617
263,W130255,Chlorornis_riefferii,44,6.185077763,2617
264,W130256,Chlorornis_riefferii,44,6.185077763,2617
287,W130677,Chlorornis_riefferii,44,6.185077763,2617
288,W130700,Chlorornis_riefferii,44,6.185077763,2617
236,W121016,Chlorornis_riefferii,45,6.237709342,2650
226,W120781,Chlorornis_riefferii,45,6.237709342,2681
228,W120791,Chlorornis_riefferii,45,6.237709342,2681
268,W130330,Chlorornis_riefferii,45,6.237709342,2681
199,TU120065,Chlorornis_riefferii,43,6.149474048,2728
200,TU120066,Chlorornis_riefferii,43,6.149474048,2728
221,W120750,Chlorornis_riefferii,43,6.149474048,2742
223,W120755,Chlorornis_riefferii,43,6.149474048,2742
276,W130429,Chlorornis_riefferii,30,4.916645873,2995
174,SP121337,Chlorospingus_flavigularis,83,9.494425342,1262
150,SP120792,Chlorospingus_flavigularis,80,9.59592056,1362
159,SP120993,Chlorospingus_flavigularis,80,9.59592056,1362
77,SP110066,Chlorospingus_flavigularis,79,9.554253893,1376
78,SP110070,Chlorospingus_flavigularis,79,9.554253893,1376
154,SP120880,Chlorospingus_flavigularis,79,9.554253893,1376
71,SP110013,Chlorospingus_flavigularis,79,9.554253893,1383
74,SP110040,Chlorospingus_flavigularis,79,9.546871095,1387
92,SP110120,Chlorospingus_flavigularis,79,9.546871095,1387
132,SP120036,Chlorospingus_flavigularis,79,9.546871095,1387
133,SP120040,Chlorospingus_flavigularis,79,9.546871095,1387
134,SP110101,Chlorospingus_flavigularis,79,9.546871095,1387
130,SP120934,Chlorospingus_flavigularis,79,9.546871095,1395
155,SP120885,Chlorospingus_flavigularis,79,9.546871095,1395
158,SP120938,Chlorospingus_flavigularis,79,9.546871095,1395
87,SP110108,Chlorospingus_flavopectus,48,5.562912762,1395
182,TL120016,Chlorospingus_flavopectus,53,6.073339154,1514
184,TL120033,Chlorospingus_flavopectus,53,6.073339154,1514
185,TL120034,Chlorospingus_flavopectus,53,6.073339154,1514
189,TL120058,Chlorospingus_flavopectus,53,6.073339154,1514
55,P116204,Chlorothraupis_carmioli,55,4.792229977,600
56,P116210,Chlorothraupis_carmioli,55,4.792229977,600
58,P116213,Chlorothraupis_carmioli,55,4.792229977,600
253,P130628,Chlorothraupis_carmioli,55,4.792229977,600
416,P116082,Conopophaga_peruviana,2,0.061666667,415
546,SP121313,Cyanerpes_caeruleus,41,3.059943029,1262
547,SP121331,Cyanerpes_caeruleus,41,3.059943029,1262
534,P121441,Cyanoloxia_cyanoides,11,1.05491296,385
380,P115910,Cyanoloxia_cyanoides,11,1.05491296,397
528,P116443,Cyanoloxia_cyanoides,11,1.05491296,397
535,P130185,Cyanoloxia_cyanoides,13,1.138794539,398
536,P130219,Cyanoloxia_cyanoides,13,1.138794539,398
372,P110405,Cyanoloxia_cyanoides,13,1.138794539,414
475,P130392,Deconychura_longicauda,14,2.61350402,410
410,P116048,Deconychura_longicauda,15,3.11350402,415
418,P116089,Deconychura_longicauda,15,3.11350402,415
471,P130332,Deconychura_longicauda,15,3.11350402,415
433,P116261,Deconychura_longicauda,11,1.787313544,600
470,P110275,Dendroma_erythroptera,20,2.801011406,422
540,SP120070,Diglossa_glauca,35,3.914272405,1387
369,P110396,Epinecrophylla_erythrura,60,5.426428887,414
135,P110318,Epinecrophylla_leucophthalma,52,5.163178307,410
408,P116037,Epinecrophylla_leucophthalma,53,5.240101384,415
342,P110273,Euphonia_xanthogaster,52,2.317508161,422
40,P130765,Galbula_cyanescens,5,0.542421652,392
23,SP120878,Galbula_cyanescens,10,0.814447448,1376
68,P116420,Glyphorynchus_spirurus,37,4.327743608,385
116,P121359,Glyphorynchus_spirurus,92,8.411775114,415
441,P120703,Glyphorynchus_spirurus,92,8.411775114,415
60,P116231,Glyphorynchus_spirurus,85,8.107434481,600
110,P121238,Glyphorynchus_spirurus,75,7.268493963,837
111,P121245,Glyphorynchus_spirurus,75,7.268493963,837
113,P121271,Glyphorynchus_spirurus,75,7.268493963,837
461,P121426,Habia_rubica,10,0.543854385,385
312,P110069,Habia_rubica,11,0.697700539,392
315,P110087,Habia_rubica,11,0.697700539,392
414,P116058,Habia_rubica,19,2.014367205,415
417,P116085,Habia_rubica,19,2.014367205,415
445,P120712,Habia_rubica,19,2.014367205,415
448,P120713,Habia_rubica,19,2.014367205,415
454,P120913,Habia_rubica,19,2.014367205,438
524,P116155,Hafferia_fortis,9,0.388662668,600
549,TL120060,Iridosornis_analis,61,7.731017908,1514
550,TL120062,Iridosornis_analis,61,7.731017908,1514
279,W130637,Iridosornis_jelskii,19,1.865062992,2521
289,W130914,Iridosornis_jelskii,19,1.865062992,2521
291,W130920,Iridosornis_jelskii,19,1.865062992,2521
278,W121223,Iridosornis_jelskii,20,1.976174103,2617
284,W130676,Iridosornis_jelskii,20,1.976174103,2617
272,W120455,Iridosornis_jelskii,22,2.531729659,2816
273,W120468,Iridosornis_jelskii,22,2.531729659,2816
274,W120474,Iridosornis_jelskii,22,2.531729659,2816
285,W130897,Iridosornis_jelskii,21,2.483555611,2995
286,W130898,Iridosornis_jelskii,21,2.483555611,2995
392,P110029,Isleria_hauxwelli,3,0.28525641,381
393,P110085,Isleria_hauxwelli,12,0.870708919,392
394,P110086,Isleria_hauxwelli,12,0.870708919,392
422,P121796,Isleria_hauxwelli,12,0.870708919,392
425,P121800,Isleria_hauxwelli,12,0.870708919,392
431,P121801,Isleria_hauxwelli,12,0.870708919,392
451,P130439,Isleria_hauxwelli,14,0.95187775,395
430,P121503,Isleria_hauxwelli,16,1.049794417,398
450,P130281,Isleria_hauxwelli,17,1.089794417,410
400,P110380,Isleria_hauxwelli,18,1.42312775,414
446,P121741,Isleria_hauxwelli,18,1.42312775,414
449,P121757,Isleria_hauxwelli,18,1.42312775,414
404,P116031,Isleria_hauxwelli,18,1.42312775,415
407,P116080,Isleria_hauxwelli,18,1.42312775,415
419,P121357,Isleria_hauxwelli,18,1.42312775,415
415,P121007,Isleria_hauxwelli,18,1.42312775,422
396,P110172,Isleria_hauxwelli,18,1.42312775,438
399,P110215,Isleria_hauxwelli,18,1.42312775,438
412,P120956,Isleria_hauxwelli,18,1.42312775,438
208,W121001,Kleinothraupis_atropileus,52,7.158911326,2650
211,W121044,Kleinothraupis_atropileus,52,7.158911326,2650
213,W130142,Kleinothraupis_atropileus,52,7.158911326,2650
214,W130143,Kleinothraupis_atropileus,52,7.158911326,2650
216,W130145,Kleinothraupis_atropileus,52,7.158911326,2650
207,W120988,Kleinothraupis_atropileus,53,7.242244659,2726
212,W130080,Kleinothraupis_atropileus,53,7.242244659,2726
179,W120709,Kleinothraupis_atropileus,51,7.176187748,2742
198,W120719,Kleinothraupis_atropileus,51,7.176187748,2742
201,W120696,Kleinothraupis_atropileus,51,7.176187748,2742
202,W120753,Kleinothraupis_atropileus,51,7.176187748,2742
203,W120760,Kleinothraupis_atropileus,51,7.176187748,2742
232,W130826,Kleinothraupis_atropileus,51,7.176187748,2742
233,W130824,Kleinothraupis_atropileus,51,7.176187748,2742
204,W120921,Kleinothraupis_atropileus,51,7.176187748,2743
205,W120924,Kleinothraupis_atropileus,51,7.176187748,2743
206,W120946,Kleinothraupis_atropileus,51,7.176187748,2743
217,W130286,Kleinothraupis_atropileus,51,7.176187748,2743
220,W130287,Kleinothraupis_atropileus,51,7.176187748,2743
229,W130497,Kleinothraupis_atropileus,51,7.176187748,2788
231,W130488,Kleinothraupis_atropileus,51,7.176187748,2788
222,W130417,Kleinothraupis_atropileus,46,6.897701681,2833
177,W120643,Kleinothraupis_atropileus,32,5.427662097,3013
178,W120646,Kleinothraupis_atropileus,32,5.427662097,3013
224,W130453,Kleinothraupis_atropileus,32,5.427662097,3013
16,P115976,Lanio_versicolor,45,5.045559418,397
251,P130233,Lanio_versicolor,54,6.320564597,398
53,P116172,Lanio_versicolor,75,8.164118142,600
61,P116232,Lanio_versicolor,75,8.164118142,600
308,P110041,Lepidothrix_coronata,3,0.259294872,381
310,P110059,Lepidothrix_coronata,3,0.259294872,381
311,P110063,Lepidothrix_coronata,7,0.412566931,392
349,P110317,Lepidothrix_coronata,9,0.603043121,410
402,P116013,Lepidothrix_coronata,9,0.603043121,415
411,P116051,Lepidothrix_coronata,9,0.603043121,415
293,P110258,Lepidothrix_coronata,9,0.603043121,422
341,P110269,Lepidothrix_coronata,9,0.603043121,422
376,P110422,Lepidothrix_coronata,9,0.603043121,422
357,P110333,Lepidothrix_coronata,10,0.853043121,432
359,P110343,Lepidothrix_coronata,10,0.853043121,432
328,P110175,Lepidothrix_coronata,10,0.853043121,438
331,P110190,Lepidothrix_coronata,10,0.853043121,438
337,P110226,Lepidothrix_coronata,10,0.853043121,438
525,P116177,Lepidothrix_coronata,9,0.603043121,600
294,P121118,Leptopogon_amaurocephalus,15,1.2757442,381
290,P110129,Leptopogon_amaurocephalus,52,5.415284389,397
304,P130161,Leptopogon_amaurocephalus,59,6.316169098,398
305,P130379,Leptopogon_amaurocephalus,75,7.597713253,410
302,P121606,Leptopogon_amaurocephalus,77,7.748710404,413
292,P110406,Leptopogon_amaurocephalus,77,7.748710404,414
303,P121751,Leptopogon_amaurocephalus,77,7.748710404,414
299,P120679,Leptopogon_amaurocephalus,78,7.787171942,415
301,P121030,Leptopogon_amaurocephalus,80,7.894579349,421
298,P120659,Leptopogon_amaurocephalus,81,8.000399455,438
300,P120922,Leptopogon_amaurocephalus,81,8.000399455,438
296,P116216,Leptopogon_amaurocephalus,76,7.806972804,600
297,P116225,Leptopogon_amaurocephalus,76,7.806972804,600
91,SP110340,Leptopogon_superciliaris,79,8.980708726,1262
165,SP121091,Leptopogon_superciliaris,79,9.006180593,1302
143,SP120662,Leptopogon_superciliaris,77,8.96782832,1307
164,SP121038,Leptopogon_superciliaris,77,9.094071822,1337
137,SP120093,Leptopogon_superciliaris,77,9.094071822,1362
75,SP110044,Leptopogon_superciliaris,77,9.064686966,1387
147,SP120767,Leptopogon_superciliaris,77,9.064686966,1395
156,SP120889,Leptopogon_superciliaris,77,9.064686966,1395
29,SP121276,Malacoptila_fulvogularis,14,1.326906425,1307
22,SP120813,Malacoptila_fulvogularis,14,1.402664,1337
24,SP120917,Malacoptila_fulvogularis,14,1.402664,1395
26,SP121176,Malacoptila_fulvogularis,14,1.402664,1418
27,SP121189,Malacoptila_fulvogularis,14,1.402664,1418
28,SP121235,Malacoptila_fulvogularis,14,1.402664,1418
39,SP13356,Malacoptila_fulvogularis,13,0.902664,1573
242,W121041,Mecocerculus_stictopterus,56,8.356397844,2650
309,P110055,Mionectes_macconnelli,8,0.994091568,381
379,P115906,Mionectes_macconnelli,27,2.73166171,397
382,P115932,Mionectes_macconnelli,27,2.73166171,397
387,P115944,Mionectes_macconnelli,27,2.73166171,397
307,P110138,Mionectes_macconnelli,38,4.015692494,413
370,P110399,Mionectes_macconnelli,38,4.015692494,414
374,P110420,Mionectes_macconnelli,38,4.015692494,422
332,P110192,Mionectes_macconnelli,39,4.140692494,438
347,P110311,Mionectes_oleagineus,56,4.294742328,410
348,P110312,Mionectes_oleagineus,56,4.294742328,410
366,P110375,Mionectes_oleagineus,58,4.416065857,414
371,P110404,Mionectes_oleagineus,58,4.416065857,414
358,P110338,Mionectes_oleagineus,60,4.53828808,432
361,P110348,Mionectes_oleagineus,60,4.53828808,432
329,P110179,Mionectes_oleagineus,60,4.53828808,438
330,P110185,Mionectes_oleagineus,60,4.53828808,438
334,P110198,Mionectes_oleagineus,60,4.53828808,438
335,P110203,Mionectes_oleagineus,60,4.53828808,438
336,P110222,Mionectes_oleagineus,60,4.53828808,438
313,P110078,Mionectes_olivaceus,26,1.802796233,392
381,P115919,Mionectes_olivaceus,28,1.890609853,397
527,P116441,Mionectes_olivaceus,28,1.890609853,397
529,P116485,Mionectes_olivaceus,28,1.890609853,397
530,P116487,Mionectes_olivaceus,28,1.890609853,397
531,P116489,Mionectes_olivaceus,28,1.890609853,397
537,P130372,Mionectes_olivaceus,44,3.442331438,410
340,P110243,Mionectes_olivaceus,45,3.585188581,422
526,P116233,Mionectes_olivaceus,47,3.847093343,600
545,SP121239,Mionectes_olivaceus,46,3.47825583,1307
542,SP121114,Mionectes_olivaceus,44,3.342401488,1339
543,SP121171,Mionectes_olivaceus,40,2.980464406,1418
19,P110167,Monasa_morphoeus,61,7.098039175,413
20,P116435,Monasa_nigrifrons,13,1.026944494,397
21,P120872,Monasa_nigrifrons,24,2.648558251,415
123,P121511,Myiobius_barbatus,15,1.272868732,398
59,P116228,Myiobius_barbatus,18,1.988626308,600
243,W121136,Myioborus_melanocephalus,55,7.563538819,2521
244,W121161,Myioborus_melanocephalus,55,7.563538819,2521
259,W130232,Myioborus_melanocephalus,55,7.563538819,2521
261,W130233,Myioborus_melanocephalus,55,7.563538819,2521
283,W130633,Myioborus_melanocephalus,55,7.563538819,2521
240,W121090,Myioborus_melanocephalus,57,7.73692164,2542
265,W130257,Myioborus_melanocephalus,57,7.763962997,2617
225,W120764,Myioborus_melanocephalus,56,7.790521263,2681
227,W120790,Myioborus_melanocephalus,56,7.790521263,2681
270,W130351,Myioborus_melanocephalus,54,7.717719065,2742
271,W130353,Myioborus_melanocephalus,54,7.717719065,2742
275,W130416,Myioborus_melanocephalus,49,7.506924717,2833
82,SP110084,Myioborus_miniatus,83,9.778770471,1395
83,SP110086,Myioborus_miniatus,83,9.778770471,1395
84,SP110087,Myioborus_miniatus,83,9.778770471,1395
175,SP121360,Myioborus_miniatus,80,9.644690932,1449
176,SP121362,Myioborus_miniatus,80,9.644690932,1449
50,SP120660,Myiothlypis_bivittata,30,3.325539291,1307
96,SP121292,Myiothlypis_bivittata,30,3.325539291,1307
45,SP110159,Myiothlypis_bivittata,29,3.254110719,1337
54,SP120859,Myiothlypis_bivittata,29,3.254110719,1337
52,SP120809,Myiothlypis_bivittata,29,3.254110719,1362
57,SP121077,Myiothlypis_bivittata,29,3.254110719,1362
64,SP121079,Myiothlypis_bivittata,29,3.254110719,1362
42,SP120030,Myiothlypis_bivittata,29,3.254110719,1387
66,SP121117,Myiothlypis_bivittata,29,3.254110719,1387
70,SP121210,Myiothlypis_bivittata,27,2.768396433,1418
106,SP110143,Myiothlypis_coronata,36,4.772666239,1362
107,SP120057,Myiothlypis_coronata,36,4.772666239,1387
115,SP120080,Myiothlypis_coronata,36,4.772666239,1387
120,SP120054,Myiothlypis_coronata,36,4.772666239,1387
119,SP120778,Myiothlypis_coronata,36,4.772666239,1395
121,SP120894,Myiothlypis_coronata,36,4.772666239,1395
122,SP121000,Myiothlypis_coronata,36,4.772666239,1395
125,SP120943,Myiothlypis_coronata,36,4.772666239,1395
100,SP121402,Myiothlypis_coronata,36,4.772666239,1449
314,P110083,Myrmoborus_leucophrys,12,0.908368144,392
427,P116116,Myrmoborus_lophotes,7,0.600269274,415
321,P110102,Myrmoborus_myotherinus,36,3.886476147,397
346,P110307,Myrmoborus_myotherinus,49,5.12734746,410
406,P116030,Myrmoborus_myotherinus,51,5.318256551,415
409,P116043,Myrmoborus_myotherinus,51,5.318256551,415
523,P116149,Myrmoborus_myotherinus,46,4.601834982,600
124,P121400,Myrmotherula_axillaris,41,4.235043848,385
4,P110082,Myrmotherula_axillaris,50,5.115572387,392
12,P115908,Myrmotherula_axillaris,57,5.801869935,397
13,P115909,Myrmotherula_axillaris,57,5.801869935,397
14,P115953,Myrmotherula_axillaris,57,5.801869935,397
15,P115954,Myrmotherula_axillaris,57,5.801869935,397
250,P130259,Myrmotherula_axillaris,82,7.285083689,410
7,P110149,Myrmotherula_axillaris,84,7.364299375,413
10,P110387,Myrmotherula_axillaris,84,7.364299375,414
11,P110391,Myrmotherula_axillaris,84,7.364299375,414
117,P121773,Myrmotherula_axillaris,84,7.364299375,414
118,P121774,Myrmotherula_axillaris,84,7.364299375,414
49,P116078,Myrmotherula_axillaris,86,7.403907218,415
98,P120714,Myrmotherula_axillaris,86,7.403907218,415
9,P110337,Myrmotherula_axillaris,87,7.503515061,432
248,P130025,Myrmotherula_axillaris,87,7.503515061,432
105,P120933,Myrmotherula_axillaris,87,7.503515061,438
63,P116259,Myrmotherula_axillaris,83,7.038964183,600
112,P121262,Myrmotherula_axillaris,70,6.034045716,837
503,SP120874,Myrmotherula_longicauda,17,1.766739405,1376
452,SP121226,Myrmotherula_longicauda,17,1.766739405,1418
436,P116336,Myrmotherula_longipennis,34,3.637043134,385
465,P121593,Myrmotherula_longipennis,76,7.769930977,413
443,P120695,Myrmotherula_longipennis,78,7.872562556,415
442,P120685,Myrmotherula_menetriesii,70,6.685881126,415
519,SP121216,Myrmotherula_schisticolor,26,2.250404426,1418
520,SP121185,Myrmotherula_schisticolor,26,2.250404426,1418
487,SP121322,Phylloscartes_ophthalmicus,52,6.095339171,1262
489,SP121333,Phylloscartes_ophthalmicus,52,6.095339171,1262
476,SP121058,Phylloscartes_ophthalmicus,56,6.370476533,1337
478,SP121047,Phylloscartes_ophthalmicus,56,6.370476533,1337
479,SP120068,Phylloscartes_ophthalmicus,55,6.245476533,1387
306,P110028,Pipra_fasciicauda,4,0.556017316,381
316,P110090,Pipra_fasciicauda,18,1.858844881,392
319,P110098,Pipra_fasciicauda,21,2.392178214,397
322,P110103,Pipra_fasciicauda,21,2.392178214,397
324,P110124,Pipra_fasciicauda,21,2.392178214,397
390,P115952,Pipra_fasciicauda,21,2.392178214,397
391,P115956,Pipra_fasciicauda,21,2.392178214,397
395,P115964,Pipra_fasciicauda,21,2.392178214,397
350,P110320,Pipra_fasciicauda,24,2.589821312,410
351,P110322,Pipra_fasciicauda,24,2.589821312,410
353,P110324,Pipra_fasciicauda,24,2.589821312,410
325,P110133,Pipra_fasciicauda,24,2.589821312,413
364,P110368,Pipra_fasciicauda,24,2.589821312,414
368,P110393,Pipra_fasciicauda,24,2.589821312,414
401,P116012,Pipra_fasciicauda,25,2.789821312,415
403,P116014,Pipra_fasciicauda,25,2.789821312,415
405,P116022,Pipra_fasciicauda,25,2.789821312,415
424,P116111,Pipra_fasciicauda,25,2.789821312,415
428,P116121,Pipra_fasciicauda,25,2.789821312,415
447,P120716,Pipra_fasciicauda,25,2.789821312,415
378,P110425,Pipra_fasciicauda,25,2.789821312,422
355,P110331,Pipra_fasciicauda,25,2.789821312,432
356,P110332,Pipra_fasciicauda,25,2.789821312,432
333,P110193,Pipra_fasciicauda,25,2.789821312,438
338,P110228,Pipra_fasciicauda,25,2.789821312,438
38,W121150,Pipreola_intermedia,17,2.233936974,2521
43,W130657,Pipreola_intermedia,17,2.233936974,2521
44,W130693,Pipreola_intermedia,17,2.233936974,2617
35,W121017,Pipreola_intermedia,17,2.233936974,2650
36,W121018,Pipreola_intermedia,17,2.233936974,2650
37,W121045,Pipreola_intermedia,17,2.233936974,2650
41,W130133,Pipreola_intermedia,17,2.233936974,2650
34,W120816,Pipreola_intermedia,17,2.233936974,2681
32,W120693,Pipreola_intermedia,17,2.233936974,2742
33,W120701,Pipreola_intermedia,17,2.233936974,2742
30,W120481,Pipreola_intermedia,17,2.233936974,2816
31,W120662,Pipreola_intermedia,16,2.122825863,2833
46,W130861,Pipreola_intermedia,16,2.122825863,2833
47,W130862,Pipreola_intermedia,16,2.122825863,2833
522,W130860,Pipreola_intermedia,16,2.122825863,2833
140,SP120636,Premnoplex_brunnescens,5,0.429296484,1307
141,SP120638,Premnoplex_brunnescens,5,0.429296484,1307
142,SP120658,Premnoplex_brunnescens,5,0.429296484,1307
145,SP120669,Premnoplex_brunnescens,5,0.429296484,1307
146,SP120674,Premnoplex_brunnescens,5,0.429296484,1307
169,SP121267,Premnoplex_brunnescens,5,0.429296484,1307
170,SP121269,Premnoplex_brunnescens,5,0.429296484,1307
171,SP121270,Premnoplex_brunnescens,5,0.429296484,1307
172,SP121282,Premnoplex_brunnescens,5,0.429296484,1307
162,SP121023,Premnoplex_brunnescens,5,0.429296484,1337
93,SP110130,Premnoplex_brunnescens,5,0.429296484,1362
94,SP110140,Premnoplex_brunnescens,5,0.429296484,1362
138,SP120101,Premnoplex_brunnescens,5,0.429296484,1362
151,SP120804,Premnoplex_brunnescens,5,0.429296484,1362
160,SP120998,Premnoplex_brunnescens,5,0.429296484,1362
161,SP121004,Premnoplex_brunnescens,5,0.429296484,1362
76,SP110059,Premnoplex_brunnescens,5,0.429296484,1376
79,SP110073,Premnoplex_brunnescens,5,0.429296484,1376
80,SP110074,Premnoplex_brunnescens,5,0.429296484,1376
152,SP120857,Premnoplex_brunnescens,5,0.429296484,1376
131,SP120016,Premnoplex_brunnescens,5,0.429296484,1387
148,SP120769,Premnoplex_brunnescens,5,0.429296484,1395
157,SP120890,Premnoplex_brunnescens,5,0.429296484,1395
186,TL120047,Premnoplex_brunnescens,5,0.429296484,1514
191,TL120082,Premnoplex_brunnescens,4,0.338387393,1735
197,TL120111,Premnoplex_brunnescens,4,0.338387393,1735
188,TL120054,Pyrrhomyias_cinnamomeus,67,5.02248549,1514
256,W130063,Pyrrhomyias_cinnamomeus,61,6.677055621,2726
318,P110095,Ramphotrigon_fuscicauda,29,2.857943213,397
453,P120870,Ramphotrigon_fuscicauda,51,5.51649369,415
163,SP121029,Rhynchocyclus_fulvipectus,14,1.348078439,1337
139,SP120115,Rhynchocyclus_fulvipectus,14,1.348078439,1362
88,SP110154,Rhynchocyclus_fulvipectus,14,1.348078439,1387
81,SP110080,Rhynchocyclus_fulvipectus,14,1.348078439,1395
85,SP110095,Rhynchocyclus_fulvipectus,14,1.348078439,1395
377,P110424,Saltator_maximus,57,4.875100167,422
252,SP13113,Sphenopsis_melanotis,62,6.788499226,1336
235,SP110124,Sphenopsis_melanotis,62,6.854675696,1362
234,SP110028,Sphenopsis_melanotis,61,6.811197435,1383
239,SP120055,Sphenopsis_melanotis,62,6.866752991,1387
241,SP121215,Sphenopsis_melanotis,63,6.92557652,1418
249,SP121361,Sphenopsis_melanotis,62,6.880121975,1449
255,TL120056,Sphenopsis_melanotis,64,7.216723282,1514
257,TU120059,Sphenopsis_melanotis,15,2.085641479,2728
559,W130623,Sporathraupis_cyanocephala,38,4.845009457,2521
560,W130648,Sporathraupis_cyanocephala,38,4.845009457,2521
561,W130654,Sporathraupis_cyanocephala,38,4.845009457,2521
555,W130188,Sporathraupis_cyanocephala,40,4.938487718,2542
557,W130566,Sporathraupis_cyanocephala,40,4.938487718,2650
558,W130559,Sporathraupis_cyanocephala,40,4.938487718,2650
554,W120876,Sporathraupis_cyanocephala,36,4.635851208,2973
384,P115937,Syndactyla_ucayalae,18,1.615416808,397
173,SP121308,Tangara_arthus,79,9.647596103,1262
128,SP121081,Tangara_arthus,79,9.74769531,1302
166,SP121104,Tangara_arthus,79,9.74769531,1302
144,SP120666,Tangara_arthus,77,9.69721454,1307
73,SP110023,Tangara_arthus,75,9.61589232,1383
538,SP120072,Tangara_arthus,75,9.603873089,1387
539,SP121138,Tangara_arthus,75,9.603873089,1387
149,SP120787,Tangara_arthus,75,9.603873089,1395
195,TL120104,Tangara_arthus,55,7.203465857,1735
326,P110137,Tangara_schrankii,83,8.742056951,413
463,P121575,Tangara_schrankii,83,8.742056951,413
365,P110373,Tangara_schrankii,83,8.742056951,414
458,P121064,Tangara_schrankii,83,8.739973618,421
456,P121005,Tangara_schrankii,83,8.739973618,422
440,P120666,Tangara_schrankii,84,8.798306951,438
317,P110088,Terenotriccus_erythrurus,6,0.247175926,392
320,P110100,Terenotriccus_erythrurus,7,0.390033069,397
389,P115948,Terenotriccus_erythrurus,7,0.390033069,397
344,P110294,Terenotriccus_erythrurus,7,0.390033069,398
464,P121580,Terenotriccus_erythrurus,7,0.390033069,413
474,P130355,Terenotriccus_erythrurus,7,0.390033069,415
2,P110073,Thamnomanes_ardesiacus,36,3.602134217,392
3,P110076,Thamnomanes_ardesiacus,36,3.602134217,392
8,P110297,Thamnomanes_ardesiacus,48,4.541416425,398
245,P130157,Thamnomanes_ardesiacus,48,4.541416425,398
99,P120788,Thamnomanes_ardesiacus,63,5.393828549,415
114,P121352,Thamnomanes_ardesiacus,63,5.393828549,415
246,P130050,Thamnomanes_ardesiacus,64,5.429327124,432
247,P130047,Thamnomanes_ardesiacus,64,5.429327124,432
51,P116154,Thamnomanes_ardesiacus,58,4.939317054,600
62,P116246,Thamnomanes_ardesiacus,58,4.939317054,600
544,P116360,Thamnomanes_schistogynus,44,3.717025842,385
548,P116378,Thamnomanes_schistogynus,44,3.717025842,385
6,P110128,Thamnomanes_schistogynus,61,4.883413016,397
17,P115979,Thamnomanes_schistogynus,61,4.883413016,397
18,P116000,Thamnomanes_schistogynus,61,4.883413016,397
69,P116467,Thamnomanes_schistogynus,61,4.883413016,397
127,P121764,Thamnomanes_schistogynus,90,6.627345917,414
48,P116038,Thamnomanes_schistogynus,91,6.642970917,415
101,P120916,Thamnomanes_schistogynus,94,6.734140634,438
102,P120921,Thamnomanes_schistogynus,94,6.734140634,438
103,P120923,Thamnomanes_schistogynus,94,6.734140634,438
104,P120924,Thamnomanes_schistogynus,94,6.734140634,438
386,P115942,Thamnophilus_schistaceus,45,4.313409004,397
388,P115945,Thamnophilus_schistaceus,45,4.313409004,397
398,P115993,Thamnophilus_schistaceus,45,4.313409004,397
345,P110296,Thamnophilus_schistaceus,52,5.128225931,398
462,P121467,Thamnophilus_schistaceus,52,5.128225931,398
354,P110325,Thamnophilus_schistaceus,70,6.152354916,410
423,P116120,Thamnophilus_schistaceus,72,6.338502102,415
429,P116123,Thamnophilus_schistaceus,72,6.338502102,415
373,P110418,Thamnophilus_schistaceus,73,6.381980363,422
467,P130060,Thamnophilus_schistaceus,74,6.465149006,432
469,P130067,Thamnophilus_schistaceus,74,6.465149006,432
515,SP121090,Thripadectes_melanorhynchus,45,5.046352608,1302
516,SP121098,Thripadectes_melanorhynchus,45,5.046352608,1302
491,SP110367,Thripadectes_melanorhynchus,43,4.885638323,1307
510,SP121019,Thripadectes_melanorhynchus,45,5.244461852,1337
512,SP121046,Thripadectes_melanorhynchus,45,5.244461852,1337
518,SP121163,Thripadectes_melanorhynchus,45,5.244461852,1339
509,SP121002,Thripadectes_melanorhynchus,44,5.119461852,1362
485,SP110069,Thripadectes_melanorhynchus,44,5.119461852,1376
480,SP110027,Thripadectes_melanorhynchus,44,5.119461852,1383
482,SP110039,Thripadectes_melanorhynchus,44,5.119461852,1387
484,SP110048,Thripadectes_melanorhynchus,44,5.119461852,1387
486,SP110047,Thripadectes_melanorhynchus,44,5.119461852,1387
495,SP120061,Thripadectes_melanorhynchus,44,5.119461852,1387
488,SP110320,Trichothraupis_melanops,44,4.639254382,1262
498,SP120670,Trichothraupis_melanops,45,4.739254382,1307
511,SP121022,Trichothraupis_melanops,46,4.990517008,1337
477,SP110004,Trichothraupis_melanops,46,4.990517008,1383
481,SP110036,Trichothraupis_melanops,46,4.990517008,1387
483,SP110038,Trichothraupis_melanops,46,4.990517008,1387
496,SP120062,Trichothraupis_melanops,46,4.990517008,1387
502,SP120764,Trichothraupis_melanops,46,4.990517008,1395
375,P110421,Trogon_violaceus,33,3.722804418,422
65,P116369,Tunchiornis_ochraceiceps,19,1.412786864,385
67,P116380,Tunchiornis_ochraceiceps,19,1.412786864,385
5,P110125,Tunchiornis_ochraceiceps,27,2.378921098,397
97,P120684,Tunchiornis_ochraceiceps,46,4.028430616,415
108,P121019,Tunchiornis_ochraceiceps,46,4.028430616,421
109,P121020,Tunchiornis_ochraceiceps,46,4.028430616,421
383,P115935,Xenops_minutus,30,2.400391597,397
343,P110292,Xenops_minutus,33,2.625975611,398
363,P110367,Xenops_minutus,40,3.114916259,414
420,P116096,Xenops_minutus,40,3.114916259,415
421,P116097,Xenops_minutus,40,3.114916259,415
460,P121399,Xiphorhynchus_elegans,31,3.392712354,385
541,SP121051,Xiphorhynchus_triangularis,64,6.767691623,1337